pearson_r,target_positive_proportion,roc_auc,estimate__count__
0.0,0.05,175.501998860369,351.0
0.0,0.1,176.0010693166293,352.0
0.0,0.15,194.80766288655545,389.0
0.0,0.2,176.00904709863852,352.0
0.0,0.25,184.52191437515387,369.0
0.0,0.3,183.9047111746463,368.0
0.0,0.35,173.09009161461677,346.0
0.0,0.4,183.93628917169744,368.0
0.0,0.45,197.92037483605887,396.0
0.0,0.5,175.31608628345853,351.0
0.0,0.55,168.892470828907,338.0
0.0,0.6,174.20987132162466,348.0
0.0,0.65,180.0110717076346,360.0
0.0,0.7,185.9388524513733,372.0
0.0,0.75,182.11180795835693,364.0
0.0,0.8,170.4270446888496,341.0
0.0,0.85,177.50900030746843,355.0
0.0,0.9,194.8993753736659,390.0
0.0,0.95,161.34544148763402,322.0
0.01,0.05,182.18366208608435,360.0
0.01,0.1,191.96978289493785,380.0
0.01,0.15,166.27867412064023,329.0
0.01,0.2,171.33762473648702,339.0
0.01,0.25,179.66269158036394,356.0
0.01,0.3,170.0832982133789,337.0
0.01,0.35,172.4394719697024,342.0
0.01,0.4,169.83915130962217,337.0
0.01,0.45,173.52342994922313,344.0
0.01,0.5,170.47051238586118,338.0
0.01,0.55,176.13608675327046,349.0
0.01,0.6,175.71324226557107,348.0
0.01,0.65,163.31070789261432,324.0
0.01,0.7,165.46415968252637,328.0
0.01,0.75,170.77845637168215,338.0
0.01,0.8,167.61109216643084,332.0
0.01,0.85,167.0899896160356,330.0
0.01,0.9,188.0625493712524,372.0
0.01,0.95,174.51322652176862,344.0
0.02,0.05,194.1364649285412,379.0
0.02,0.1,188.56878943903305,369.0
0.02,0.15,176.06049047770034,345.0
0.02,0.2,189.9747708655757,373.0
0.02,0.25,180.41616693978065,354.0
0.02,0.3,181.2801059145146,356.0
0.02,0.35,179.86118391054364,353.0
0.02,0.4,186.3092631362944,366.0
0.02,0.45,194.42439972319525,382.0
0.02,0.5,187.74792516421195,369.0
0.02,0.55,162.9002613405119,320.0
0.02,0.6,192.45016760395248,378.0
0.02,0.65,197.4761252495358,388.0
0.02,0.7,181.31430729039857,356.0
0.02,0.75,174.9883553163112,343.0
0.02,0.8,181.64464114622413,356.0
0.02,0.85,184.21825828999235,361.0
0.02,0.9,195.85542801181413,383.0
0.02,0.95,199.91719988054896,390.0
0.03,0.05,176.90877255610434,341.0
0.03,0.1,166.4033891537319,322.0
0.03,0.15,191.0912836795952,371.0
0.03,0.2,173.72813626667252,337.0
0.03,0.25,185.6069968566578,361.0
0.03,0.3,163.9723894303038,319.0
0.03,0.35,193.71085885997104,377.0
0.03,0.4,185.79402134329985,362.0
0.03,0.45,186.0093178095755,362.0
0.03,0.5,189.0683171460033,368.0
0.03,0.55,196.66851046765507,383.0
0.03,0.6,184.93965463705428,360.0
0.03,0.65,173.1794486351537,337.0
0.03,0.7,187.6031944480829,365.0
0.03,0.75,195.04753780900663,378.0
0.03,0.8,177.82316853385788,345.0
0.03,0.85,179.0475809361512,347.0
0.03,0.9,182.2047558190445,353.0
0.03,0.95,196.18955823832584,378.0
0.04,0.05,172.4444547057138,329.0
0.04,0.1,180.28656581479987,345.0
0.04,0.15,171.3663745755717,329.0
0.04,0.2,199.95996694895788,385.0
0.04,0.25,172.9455399158828,333.0
0.04,0.3,186.7160579392811,360.0
0.04,0.35,170.07064749127855,328.0
0.04,0.4,195.96205827375235,378.0
0.04,0.45,208.3610227931343,402.0
0.04,0.5,175.5629441267186,339.0
0.04,0.55,181.2771436238357,350.0
0.04,0.6,197.51513254070008,381.0
0.04,0.65,174.1364743637592,336.0
0.04,0.7,182.05886986992635,351.0
0.04,0.75,203.44765450079936,392.0
0.04,0.8,176.73092631271743,340.0
0.04,0.85,183.528161814238,352.0
0.04,0.9,198.5002592288859,380.0
0.04,0.95,200.70861944087275,383.0
0.05,0.05,190.6261526510711,359.0
0.05,0.1,197.6667331699692,375.0
0.05,0.15,188.03022703019667,358.0
0.05,0.2,177.32501645313477,338.0
0.05,0.25,188.516879876444,360.0
0.05,0.3,183.8811703000385,351.0
0.05,0.35,186.71985376100884,357.0
0.05,0.4,173.99927551396448,333.0
0.05,0.45,192.93474244034743,369.0
0.05,0.5,183.26803113152968,351.0
0.05,0.55,192.80748821057185,369.0
0.05,0.6,190.64226139561896,365.0
0.05,0.65,208.6516930489016,399.0
0.05,0.7,196.2545306604682,375.0
0.05,0.75,192.8145062521241,368.0
0.05,0.8,186.12157657279627,355.0
0.05,0.85,185.1532159086919,352.0
0.05,0.9,177.7401899263412,337.0
0.05,0.95,185.7067803666838,350.0
0.06,0.05,178.82427147265767,333.0
0.06,0.1,178.82902091862388,335.0
0.06,0.15,196.23196931004816,370.0
0.06,0.2,178.62447425032167,337.0
0.06,0.25,186.69101442583323,353.0
0.06,0.3,173.82924195861392,329.0
0.06,0.35,187.23358473036964,355.0
0.06,0.4,175.01537368646407,332.0
0.06,0.45,199.65331713404584,379.0
0.06,0.5,177.52049494482563,337.0
0.06,0.55,201.34431063057085,382.0
0.06,0.6,189.96285287601447,360.0
0.06,0.65,170.57119769382,323.0
0.06,0.7,184.2556686788037,349.0
0.06,0.75,193.7126469341468,366.0
0.06,0.8,194.98737405238683,368.0
0.06,0.85,198.0109486934768,373.0
0.06,0.9,191.3577806193261,359.0
0.06,0.95,203.1936456715792,379.0
0.07,0.05,205.50417518896327,378.0
0.07,0.1,192.40236829637144,358.0
0.07,0.15,179.04077199263918,334.0
0.07,0.2,195.56873819229403,366.0
0.07,0.25,182.7313602368168,342.0
0.07,0.3,184.86682810679804,347.0
0.07,0.35,174.4346671107997,328.0
0.07,0.4,173.9289899723799,327.0
0.07,0.45,180.7655998446476,340.0
0.07,0.5,179.45217869314573,338.0
0.07,0.55,195.2297651752123,367.0
0.07,0.6,179.8225504275792,338.0
0.07,0.65,190.81641759635505,359.0
0.07,0.7,215.8869989684043,405.0
0.07,0.75,222.7615811508016,418.0
0.07,0.78,0.5405849655007786,0.0
0.07,0.8,181.06866939715653,339.0
0.07,0.85,198.74735455013976,371.0
0.07,0.9,186.5926804718757,347.0
0.07,0.95,192.52759014752465,355.0
0.07,0.99,0.5573055219997591,0.0
0.08,0.05,187.07769482201456,340.0
0.08,0.1,188.15997542376493,346.0
0.08,0.15,181.2859297694012,335.0
0.08,0.2,187.3594092314751,347.0
0.08,0.25,206.59916092225075,384.0
0.08,0.3,191.95103719012607,357.0
0.08,0.35,199.10956850134627,371.0
0.08,0.4,185.84230995845056,346.0
0.08,0.45,194.6831085147142,363.0
0.08,0.48,0.5323066610495741,0.0
0.08,0.5,199.98720379631013,373.0
0.08,0.55,179.42791176573687,335.0
0.08,0.6,194.6296291198339,363.0
0.08,0.65,182.4687211434888,340.0
0.08,0.7,197.73229068578053,368.0
0.08,0.75,195.62732498865049,363.0
0.08,0.8,185.2891912242237,343.0
0.08,0.85,210.03827582489245,388.0
0.08,0.87,0.5415411717700047,0.0
0.08,0.9,208.0809990157561,382.0
0.08,0.95,194.6588214876841,355.0
0.09,0.05,205.5952586715805,370.0
0.09,0.1,211.6565692230211,385.0
0.09,0.15,184.56458750077027,338.0
0.09,0.2,190.48104035781847,350.0
0.09,0.25,173.2683783826285,319.0
0.09,0.3,204.414115747632,377.0
0.09,0.35,196.6407311943528,363.0
0.09,0.4,189.85447982096125,351.0
0.09,0.45,181.5873012431846,336.0
0.09,0.5,188.1497293958825,348.0
0.09,0.55,168.65582782674744,312.0
0.09,0.6,196.90278858277125,364.0
0.09,0.65,178.53464562012064,330.0
0.09,0.7,200.6619482856298,370.0
0.09,0.75,204.3117654772705,376.0
0.09,0.8,196.36785660457423,361.0
0.09,0.85,181.4552942360028,332.0
0.09,0.9,189.21130792202607,345.0
0.09,0.95,192.6712483320426,347.0
0.1,0.05,213.6486462478105,381.0
0.1,0.1,199.6734164817877,359.0
0.1,0.15,192.447576787953,349.0
0.1,0.2,209.63276924125483,381.0
0.1,0.22,1.1056777577733137,0.0
0.1,0.25,201.6991707136476,368.0
0.1,0.3,183.5816757190616,336.0
0.1,0.35,179.4640406666099,329.0
0.1,0.4,175.07873212935783,321.0
0.1,0.45,187.20155338472745,343.0
0.1,0.5,197.9587685919853,363.0
0.1,0.55,171.6878798462288,315.0
0.1,0.6,194.2570871625383,356.0
0.1,0.65,191.59591607359465,351.0
0.1,0.7,207.65642806704125,380.0
0.1,0.75,182.8050249370552,334.0
0.1,0.79,0.5509524186550135,0.0
0.1,0.8,183.98250540817307,335.0
0.1,0.85,200.56744171,363.0
0.1,0.9,196.41384315908223,354.0
0.1,0.95,201.08954001971608,358.0
0.11,0.05,189.4435583798102,334.0
0.11,0.1,200.05840883859344,357.0
0.11,0.15,182.73998627797027,328.0
0.11,0.2,204.06289950852127,368.0
0.11,0.25,186.2967871463697,337.0
0.11,0.3,195.7752553104019,355.0
0.11,0.35,178.8580905962005,325.0
0.11,0.4,190.0923547587869,346.0
0.11,0.45,181.8985040043736,331.0
0.11,0.5,193.3042049031793,352.0
0.11,0.55,187.4240764393131,341.0
0.11,0.6,185.85585518076405,338.0
0.11,0.65,201.4593472201477,366.0
0.11,0.7,197.8546245456215,359.0
0.11,0.75,201.8823488684461,365.0
0.11,0.8,205.543476326908,371.0
0.11,0.85,213.1285774907436,383.0
0.11,0.9,196.4856709940813,351.0
0.11,0.95,204.69604421222328,361.0
0.12,0.05,206.15404719548792,360.0
0.12,0.1,206.12054271344724,364.0
0.12,0.15,179.74056498493636,320.0
0.12,0.2,216.71461053150583,387.0
0.12,0.25,195.5565020857497,351.0
0.12,0.3,214.40974524103248,385.0
0.12,0.35,179.50317565514047,323.0
0.12,0.4,183.4976925461536,331.0
0.12,0.45,209.01762539764937,377.0
0.12,0.5,187.3653760041077,338.0
0.12,0.55,206.79336561506952,373.0
0.12,0.6,185.1287472761656,334.0
0.12,0.65,186.06442997545085,335.0
0.12,0.7,190.2604233131215,342.0
0.12,0.75,200.73858381271123,360.0
0.12,0.8,204.3167382072021,365.0
0.12,0.85,201.1515271326517,358.0
0.12,0.9,206.3754659333204,365.0
0.12,0.95,215.1474698801094,375.0
0.13,0.05,207.5172947212133,358.0
0.13,0.1,214.9336122235109,376.0
0.13,0.15,188.3913785358567,332.0
0.13,0.2,210.9737054794201,374.0
0.13,0.25,202.35161929158537,360.0
0.13,0.3,206.4136878481572,368.0
0.13,0.35,204.34957803547303,365.0
0.13,0.4,181.1832671923296,324.0
0.13,0.45,198.18037814097275,355.0
0.13,0.5,201.6867090383056,361.0
0.13,0.55,202.56189925424667,363.0
0.13,0.6,198.6697856556233,355.0
0.13,0.65,216.6562811174969,387.0
0.13,0.7,191.8556019536095,342.0
0.13,0.75,201.9613496224444,359.0
0.13,0.8,197.0354581832638,349.0
0.13,0.85,198.2770162225452,350.0
0.13,0.9,205.26527826418672,359.0
0.13,0.95,199.99199206757527,345.0
0.14,0.05,198.5450904426236,339.0
0.14,0.1,202.81593435787408,352.0
0.14,0.15,202.01247912802447,353.0
0.14,0.2,200.48265149319064,352.0
0.14,0.21,0.564688186041602,0.0
0.14,0.25,192.20832260933537,339.0
0.14,0.3,195.74743134975807,346.0
0.14,0.35,180.768653848246,320.0
0.14,0.4,201.89093344170817,358.0
0.14,0.41,0.554139691284945,0.0
0.14,0.45,189.1631243560184,336.0
0.14,0.5,197.53820001280144,351.0
0.14,0.55,198.79592916733287,353.0
0.14,0.6,223.9801038478436,397.0
0.14,0.65,210.3604629892656,373.0
0.14,0.7,205.82267090364115,364.0
0.14,0.75,215.13902261014107,379.0
0.14,0.8,197.4224029947782,347.0
0.14,0.85,219.8712588644312,384.0
0.14,0.9,199.6084359480412,346.0
0.14,0.95,215.39737190054808,368.0
0.15,0.05,229.0120026893822,387.0
0.15,0.1,210.2233877506635,361.0
0.15,0.15,218.3554720083713,378.0
0.15,0.2,198.9279510373991,346.0
0.15,0.25,184.70332885894896,323.0
0.15,0.3,205.7874365660336,361.0
0.15,0.35,204.73076832042403,360.0
0.15,0.39,0.5693910498399167,0.0
0.15,0.4,200.23717585768927,352.0
0.15,0.45,200.59777667050392,353.0
0.15,0.5,196.85090139461067,347.0
0.15,0.55,194.22176226899256,342.0
0.15,0.6,203.51555444181216,358.0
0.15,0.65,214.57034524790464,377.0
0.15,0.7,200.7726776011611,352.0
0.15,0.75,200.68418236217724,351.0
0.15,0.8,219.8087400437412,383.0
0.15,0.85,202.65163438265435,351.0
0.15,0.9,199.75340144422205,343.0
0.15,0.95,215.3737714682686,363.0
0.16,0.05,214.40316527379449,359.0
0.16,0.1,202.92501749419003,345.0
0.16,0.15,226.7447412206063,389.0
0.16,0.2,221.0728411355553,382.0
0.16,0.25,228.9469806558671,397.0
0.16,0.3,193.8729167073528,337.0
0.16,0.35,200.96396674423065,350.0
0.16,0.4,212.43055829966616,371.0
0.16,0.45,184.8407248096468,323.0
0.16,0.48,0.5701183416778978,0.0
0.16,0.5,199.1713830555749,348.0
0.16,0.55,210.5685320038241,368.0
0.16,0.6,224.0257437708001,391.0
0.16,0.65,207.2271990622131,361.0
0.16,0.7,201.06885587062683,350.0
0.16,0.75,197.74568329570485,343.0
0.16,0.78,0.5965444318710038,0.0
0.16,0.8,213.68220924772328,369.0
0.16,0.85,231.56390015827148,397.0
0.16,0.9,217.0935157475481,370.0
0.16,0.95,205.25609824943865,343.0
0.17,0.05,219.7780490440512,364.0
0.17,0.07,0.5796836331567807,0.0
0.17,0.1,210.15798636178025,354.0
0.17,0.15,211.3091726971444,360.0
0.17,0.2,197.87706931678764,339.0
0.17,0.25,220.995482874018,380.0
0.17,0.3,206.2347597494985,356.0
0.17,0.35,195.5287130320517,338.0
0.17,0.4,204.4319716606678,354.0
0.17,0.45,199.5444795259677,346.0
0.17,0.5,207.33052873106456,360.0
0.17,0.55,192.143984424063,333.0
0.17,0.6,198.46115863791863,344.0
0.17,0.65,211.5619984902878,366.0
0.17,0.7,195.2975588750384,337.0
0.17,0.75,184.9403974915789,318.0
0.17,0.8,197.799828485072,339.0
0.17,0.85,228.47084329066607,389.0
0.17,0.9,204.12424139226647,344.0
0.17,0.95,225.6954357240323,374.0
0.18,0.05,210.5502486829,345.0
0.18,0.1,205.8172701243685,344.0
0.18,0.15,229.9220672866565,388.0
0.18,0.2,208.3395330096868,354.0
0.18,0.25,194.5437269055277,332.0
0.18,0.3,193.43324459666687,331.0
0.18,0.35,219.04752495886177,376.0
0.18,0.4,194.38736165099343,334.0
0.18,0.45,195.8701401463709,336.0
0.18,0.5,200.61445878342383,345.0
0.18,0.55,212.33538713994315,365.0
0.18,0.6,199.0796840070992,342.0
0.18,0.65,216.9465389849171,372.0
0.18,0.7,204.9934966663233,351.0
0.18,0.72,0.5939100539746136,0.0
0.18,0.75,215.3361580371716,367.0
0.18,0.8,191.25484087337813,325.0
0.18,0.85,224.62507219802947,379.0
0.18,0.9,202.3458503641872,338.0
0.18,0.94,0.5927328426666667,0.0
0.18,0.95,214.22351185429488,352.0
0.19,0.05,197.9726693178479,322.0
0.19,0.1,217.0800087529403,359.0
0.19,0.15,213.11875834662777,356.0
0.19,0.2,206.0264621541997,347.0
0.19,0.25,196.14585673250144,332.0
0.19,0.3,220.97494601408928,375.0
0.19,0.35,214.3984305730156,365.0
0.19,0.4,212.2123203827552,362.0
0.19,0.45,196.94068068345123,336.0
0.19,0.5,209.6736866823965,358.0
0.19,0.55,195.00522935302047,333.0
0.19,0.6,189.8317207495956,324.0
0.19,0.65,194.3771463848213,331.0
0.19,0.7,221.90500509900377,377.0
0.19,0.75,215.74130657751016,365.0
0.19,0.8,217.44946225474305,366.0
0.19,0.85,217.0795496703548,363.0
0.19,0.9,205.9180354276592,341.0
0.19,0.95,230.11914897505537,374.0
0.2,0.05,219.0091998953353,352.0
0.2,0.1,207.36970769473024,340.0
0.2,0.15,204.9814145161351,340.0
0.2,0.2,205.27508193802856,343.0
0.2,0.25,207.3462512621121,348.0
0.2,0.3,220.4984807514872,371.0
0.2,0.35,210.58411690583304,356.0
0.2,0.4,206.343154737016,349.0
0.2,0.45,215.03256642731515,364.0
0.2,0.5,209.0598442361973,354.0
0.2,0.55,206.79516190715668,350.0
0.2,0.6,199.71587717760093,338.0
0.2,0.65,222.5616357812933,376.0
0.2,0.7,197.0604220385189,332.0
0.2,0.75,207.3158960055088,348.0
0.2,0.8,214.91649251847423,359.0
0.2,0.85,195.8722706922181,325.0
0.2,0.9,217.8927406126751,357.0
0.2,0.95,219.1653548222796,353.0
0.2,0.96,0.6269635319355062,0.0
0.21,0.05,212.4308540772997,339.0
0.21,0.1,235.08076003866125,382.0
0.21,0.15,215.19070352292783,354.0
0.21,0.2,216.62842197201883,359.0
0.21,0.25,200.5390508112968,334.0
0.21,0.3,211.8320551281322,354.0
0.21,0.35,184.9262803197255,310.0
0.21,0.4,213.79361133679217,359.0
0.21,0.45,218.9528055878076,368.0
0.21,0.5,207.14884871601672,348.0
0.21,0.55,224.9491419694264,378.0
0.21,0.6,217.51444826596435,365.0
0.21,0.65,195.1808016981299,327.0
0.21,0.7,205.38227473295785,343.0
0.21,0.75,203.50506024728284,339.0
0.21,0.8,217.7825044164932,361.0
0.21,0.85,227.5322237527452,374.0
0.21,0.9,218.51403280804047,355.0
0.21,0.95,222.4302804415676,354.0
0.22,0.05,217.52126914635744,342.0
0.22,0.1,208.51853745628893,336.0
0.22,0.15,213.2077502922632,348.0
0.22,0.2,229.14996562957592,376.0
0.22,0.25,213.24835356631823,352.0
0.22,0.29,0.6044045947841349,0.0
0.22,0.3,227.9992154187498,377.0
0.22,0.31,0.6029908112113477,0.0
0.22,0.32,0.6127752395663492,0.0
0.22,0.35,207.79937187920504,346.0
0.22,0.4,216.13265500674444,360.0
0.22,0.45,211.6027385558856,353.0
0.22,0.5,208.758054808951,348.0
0.22,0.55,221.3170294140568,369.0
0.22,0.6,200.4325183595964,334.0
0.22,0.65,214.07974637587,356.0
0.22,0.7,208.5106362527963,346.0
0.22,0.75,193.70760787690745,320.0
0.22,0.8,202.0962290370641,332.0
0.22,0.85,234.3229098741111,382.0
0.22,0.9,219.95880662240285,354.0
0.22,0.95,226.4098554863759,357.0
0.23,0.05,198.3879637881452,310.0
0.23,0.1,228.28554896831272,365.0
0.23,0.15,236.8518788878154,383.0
0.23,0.2,217.1221839268873,354.0
0.23,0.25,223.3659679876846,366.0
0.23,0.3,239.58927893809107,394.0
0.23,0.35,233.86431003376885,386.0
0.23,0.4,221.22142501598543,366.0
0.23,0.45,199.8781683524299,331.0
0.23,0.5,202.45193103199807,335.0
0.23,0.55,206.01181043797683,341.0
0.23,0.6,218.7772510978809,362.0
0.23,0.65,186.5332627780693,308.0
0.23,0.7,199.737914807058,329.0
0.23,0.75,204.6863185820576,335.0
0.23,0.76,0.6136700912336882,0.0
0.23,0.8,224.5165069435185,366.0
0.23,0.85,212.21670550927448,343.0
0.23,0.9,229.79054877307985,367.0
0.23,0.95,224.63444219669017,351.0
0.24,0.05,223.82103150044392,347.0
0.24,0.1,231.9108596401556,367.0
0.24,0.15,210.9093997202133,338.0
0.24,0.2,223.4580857669415,361.0
0.24,0.25,217.65143122063884,354.0
0.24,0.3,224.27527110075025,366.0
0.24,0.35,215.17421689027165,352.0
0.24,0.4,224.88931803347856,369.0
0.24,0.45,231.3265162387288,380.0
0.24,0.5,210.5708785487353,346.0
0.24,0.55,224.1180122976457,368.0
0.24,0.6,228.4100654032183,375.0
0.24,0.65,216.2243761116236,354.0
0.24,0.7,211.1686917539741,345.0
0.24,0.71,0.6218707751574102,0.0
0.24,0.75,228.8701598458311,372.0
0.24,0.8,218.89759572073976,354.0
0.24,0.85,226.4005756278599,363.0
0.24,0.9,225.5544771820466,357.0
0.24,0.95,226.14881048821547,350.0
0.25,0.05,246.40599573291752,378.0
0.25,0.1,210.810862727864,331.0
0.25,0.15,237.4924304240176,378.0
0.25,0.2,247.08459017430283,396.0
0.25,0.25,224.461523961685,362.0
0.25,0.3,197.32561157403407,320.0
0.25,0.35,201.25220353574147,327.0
0.25,0.4,206.43310186253328,336.0
0.25,0.45,214.6250498002696,350.0
0.25,0.5,234.8718329561499,383.0
0.25,0.55,232.48188614575608,379.0
0.25,0.6,233.31502446569704,380.0
0.25,0.65,206.0392922400784,335.0
0.25,0.7,209.3411342852449,339.0
0.25,0.75,216.3015240645512,349.0
0.25,0.8,245.45993467015515,394.0
0.25,0.85,214.34420929328084,341.0
0.25,0.9,229.70559914529755,361.0
0.25,0.95,236.16110269942607,362.0
0.26,0.05,237.4842834764061,361.0
0.26,0.1,220.84761630041027,343.0
0.26,0.15,218.11850914295687,344.0
0.26,0.16,0.6550271129378239,0.0
0.26,0.2,221.9423811750284,352.0
0.26,0.25,227.989740851616,365.0
0.26,0.3,218.0718385610537,351.0
0.26,0.32,0.6215258081778156,0.0
0.26,0.35,229.8707917569549,371.0
0.26,0.36,0.6095255680176099,0.0
0.26,0.4,213.411152035904,345.0
0.26,0.45,203.74183464634336,330.0
0.26,0.5,215.56438001082995,349.0
0.26,0.55,230.66124915668755,373.0
0.26,0.6,223.96405595111528,362.0
0.26,0.65,218.4324431753958,352.0
0.26,0.7,215.0524463936776,346.0
0.26,0.75,227.2866590688944,364.0
0.26,0.77,0.6252265019128317,0.0
0.26,0.8,210.37507289452472,335.0
0.26,0.85,221.38400874958248,349.0
0.26,0.88,0.6429802828940154,0.0
0.26,0.9,221.580708426744,345.0
0.26,0.95,229.50725953741144,349.0
0.27,0.05,237.1268072756592,357.0
0.27,0.1,229.3515312309742,354.0
0.27,0.15,225.756858895934,353.0
0.27,0.2,228.0638110136643,360.0
0.27,0.25,232.20556423211383,369.0
0.27,0.3,226.695750195714,362.0
0.27,0.35,211.2539402417088,338.0
0.27,0.4,211.22562340185448,339.0
0.27,0.45,244.0067195325368,392.0
0.27,0.5,229.8738169647344,369.0
0.27,0.55,222.1509699821337,357.0
0.27,0.6,207.58320520856617,333.0
0.27,0.65,229.63386580609028,368.0
0.27,0.7,231.72832412412305,370.0
0.27,0.75,231.01274803766827,367.0
0.27,0.8,208.8283930504425,330.0
0.27,0.85,235.9864577895884,369.0
0.27,0.9,239.87199227741505,370.0
0.27,0.95,246.461133305091,371.0
0.28,0.05,256.4848819994981,383.0
0.28,0.1,227.9599911693661,349.0
0.28,0.15,232.0019027840948,360.0
0.28,0.2,208.2464039173753,326.0
0.28,0.25,248.6849615752336,392.0
0.28,0.3,215.87976453234285,342.0
0.28,0.32,0.6314530615508684,0.0
0.28,0.35,231.4200471240797,368.0
0.28,0.4,226.53731197997743,361.0
0.28,0.45,228.1640102630477,364.0
0.28,0.5,227.53225987961403,363.0
0.28,0.55,227.14104265062068,362.0
0.28,0.6,222.1513271366273,354.0
0.28,0.65,226.62648147093384,360.0
0.28,0.7,210.3044888622213,333.0
0.28,0.75,252.61638344208205,398.0
0.28,0.8,208.6847130624633,327.0
0.28,0.85,214.65245623329915,333.0
0.28,0.9,237.8278003112564,364.0
0.28,0.95,225.5676618898342,336.0
0.28,0.98,0.6916356090222749,0.0
0.29,0.05,239.75227973110165,355.0
0.29,0.1,220.58447909888983,335.0
0.29,0.15,232.6629490961036,358.0
0.29,0.2,226.4962627482301,352.0
0.29,0.25,252.3745244706104,395.0
0.29,0.3,238.037338820192,374.0
0.29,0.35,215.49287005634827,340.0
0.29,0.4,244.17247092437216,386.0
0.29,0.45,212.9171251345481,337.0
0.29,0.5,210.2464994339361,333.0
0.29,0.55,230.0757839165757,364.0
0.29,0.6,229.60952480554377,363.0
0.29,0.65,229.5026393519941,362.0
0.29,0.66,0.6352600623269399,0.0
0.29,0.7,207.2903640296623,326.0
0.29,0.75,227.61083154709016,356.0
0.29,0.8,236.7645680079112,368.0
0.29,0.85,235.545726820605,363.0
0.29,0.9,248.1884442543104,377.0
0.29,0.95,227.2521738992729,336.0
0.3,0.05,244.4474352866676,359.0
0.3,0.1,211.3524859450808,318.0
0.3,0.13,0.6350647593228425,0.0
0.3,0.15,234.3534054032292,358.0
0.3,0.2,241.80322052636,373.0
0.3,0.25,258.4022683835887,401.0
0.3,0.3,222.99251718860265,348.0
0.3,0.35,249.89806765414107,391.0
0.3,0.4,223.6858781666324,351.0
0.3,0.45,208.07543246306315,327.0
0.3,0.5,230.2406124176436,362.0
0.3,0.55,216.35286312086896,340.0
0.3,0.58,0.6359394515269936,0.0
0.3,0.6,247.89359665413133,389.0
0.3,0.65,232.88795208792405,364.0
0.3,0.7,217.3875182494521,339.0
0.3,0.75,236.35957556963783,367.0
0.3,0.8,222.3576318349796,343.0
0.3,0.85,258.5323394409763,395.0
0.3,0.9,242.4177786534084,365.0
0.3,0.95,233.03891129780487,342.0
0.31,0.05,249.67749544980097,363.0
0.31,0.1,227.84630759060968,340.0
0.31,0.15,240.1582377258745,364.0
0.31,0.2,224.7970580484653,344.0
0.31,0.23,0.6517745770331534,0.0
0.31,0.25,221.6771758908557,341.0
0.31,0.3,223.3183843008508,346.0
0.31,0.35,232.251003135878,361.0
0.31,0.4,225.3458148906472,351.0
0.31,0.45,235.41687183760968,367.0
0.31,0.5,245.7375199367013,384.0
0.31,0.55,221.1853402455473,345.0
0.31,0.6,220.69874228925843,344.0
0.31,0.65,237.42192087842005,369.0
0.31,0.66,0.6474111644393562,0.0
0.31,0.7,230.63011531310107,357.0
0.31,0.75,222.4941039476649,343.0
0.31,0.8,241.51330737413684,370.0
0.31,0.85,224.857221308982,341.0
0.31,0.9,227.984068544494,340.0
0.31,0.95,240.84353357345265,350.0
0.32,0.05,268.566400734615,388.0
0.32,0.1,269.5687605652046,399.0
0.32,0.15,241.975307921268,364.0
0.32,0.2,255.5366034091932,388.0
0.32,0.25,234.45088892683825,359.0
0.32,0.3,222.91237891337707,343.0
0.32,0.35,233.97150917401345,361.0
0.32,0.4,259.2865251325092,401.0
0.32,0.45,226.08040114316063,350.0
0.32,0.5,237.6139999906129,368.0
0.32,0.55,226.6091479674405,351.0
0.32,0.6,211.894162344632,328.0
0.32,0.65,222.98800518862592,344.0
0.32,0.7,234.72147973654344,361.0
0.32,0.75,250.18544325404503,383.0
0.32,0.8,232.9146599337756,354.0
0.32,0.85,224.09749182890693,337.0
0.32,0.9,232.3192713226269,344.0
0.32,0.95,271.1632216091444,391.0
0.33,0.05,267.17677765631925,382.0
0.33,0.1,228.5607154447341,336.0
0.33,0.15,255.92737464071328,382.0
0.33,0.2,233.31602163852423,352.0
0.33,0.25,242.3610288640432,368.0
0.33,0.3,216.8829453207433,331.0
0.33,0.35,241.75661337817988,370.0
0.33,0.4,226.61065572327385,348.0
0.33,0.45,243.107245197238,373.0
0.33,0.5,227.38246041152,350.0
0.33,0.55,209.42827227972373,322.0
0.33,0.6,247.3011028998528,380.0
0.33,0.65,243.98141843801363,374.0
0.33,0.7,233.8342308931066,357.0
0.33,0.75,228.5295443928449,347.0
0.33,0.76,0.6583394127409066,0.0
0.33,0.8,234.142550003428,353.0
0.33,0.85,238.5711728485423,356.0
0.33,0.9,247.5632676982557,364.0
0.33,0.95,257.1823044419423,368.0
0.34,0.05,243.2916734198776,346.0
0.34,0.1,265.3833544202908,387.0
0.34,0.15,263.95856641392925,391.0
0.34,0.2,243.8204078216156,365.0
0.34,0.25,233.51609333648275,352.0
0.34,0.3,210.4192835618698,319.0
0.34,0.35,243.8903076906802,371.0
0.34,0.4,230.01850944767253,351.0
0.34,0.45,222.57097138624616,340.0
0.34,0.5,230.3154991093957,352.0
0.34,0.55,218.65473259052533,334.0
0.34,0.6,244.2329426796341,372.0
0.34,0.65,236.85391651477968,360.0
0.34,0.7,238.98530966824808,362.0
0.34,0.75,241.57496832275305,364.0
0.34,0.8,239.2277297705434,358.0
0.34,0.85,223.00149875866748,330.0
0.34,0.9,243.29430875304783,355.0
0.34,0.95,238.3338886385116,338.0
0.35,0.05,274.6908904037681,386.0
0.35,0.1,253.7010343663405,367.0
0.35,0.15,258.65196688709585,380.0
0.35,0.2,248.5982769255907,369.0
0.35,0.25,233.30748621754896,349.0
0.35,0.3,233.21553445239508,351.0
0.35,0.35,229.2512286178987,346.0
0.35,0.4,225.73968333722829,342.0
0.35,0.45,231.3933412155652,351.0
0.35,0.5,250.5776743259813,380.0
0.35,0.55,223.5374708869392,339.0
0.35,0.6,250.49537924115785,379.0
0.35,0.65,235.781132593586,356.0
0.35,0.7,234.34008917412825,353.0
0.35,0.75,236.55481318578143,354.0
0.35,0.8,228.77179554896665,340.0
0.35,0.85,264.1194558450653,388.0
0.35,0.9,246.2398579258972,356.0
0.35,0.95,248.13064807125232,349.0
0.36,0.05,283.5573019493777,396.0
0.36,0.1,239.5655417875088,344.0
0.36,0.15,224.8199732656791,328.0
0.36,0.2,251.57901507887945,371.0
0.36,0.25,249.70977108694143,371.0
0.36,0.3,236.1107924923165,353.0
0.36,0.35,237.33662883187608,356.0
0.36,0.4,222.22118065175167,334.0
0.36,0.45,217.1321303264623,327.0
0.36,0.5,222.4805943727239,335.0
0.36,0.55,237.6873340966331,358.0
0.36,0.6,228.20390389769344,343.0
0.36,0.65,228.63258316572083,343.0
0.36,0.7,239.144650394169,357.0
0.36,0.75,249.1055759566641,370.0
0.36,0.8,230.65478996462443,340.0
0.36,0.85,250.1095892399025,365.0
0.36,0.9,241.66506499475847,347.0
0.36,0.95,242.9563635567476,339.0
0.37,0.05,265.146939238949,367.0
0.37,0.1,248.1032536428792,353.0
0.37,0.15,237.0468729187064,343.0
0.37,0.2,248.11130240605112,363.0
0.37,0.25,222.4662630641707,328.0
0.37,0.3,250.69667000445253,372.0
0.37,0.35,238.4525633835225,355.0
0.37,0.4,225.209826668298,336.0
0.37,0.45,219.97360589557573,329.0
0.37,0.5,246.7664726679621,369.0
0.37,0.55,258.2427032687612,386.0
0.37,0.6,222.96382371032053,333.0
0.37,0.65,252.39485029341563,376.0
0.37,0.7,242.7161016344928,360.0
0.37,0.75,226.24227599577017,334.0
0.37,0.8,251.35308174575528,368.0
0.37,0.85,248.41430993706567,360.0
0.37,0.9,243.5662893831675,347.0
0.37,0.95,236.89035076873088,328.0
0.38,0.05,257.8119966525478,354.0
0.38,0.1,258.15304290881903,365.0
0.38,0.15,244.23224886656,351.0
0.38,0.2,239.48054259747548,348.0
0.38,0.25,234.1050295240848,343.0
0.38,0.3,243.75448382619504,359.0
0.38,0.35,241.47097979233968,357.0
0.38,0.4,231.9745660465408,343.0
0.38,0.45,230.485829315149,342.0
0.38,0.5,223.6508934310565,332.0
0.38,0.55,239.18863127299392,355.0
0.38,0.6,246.8884263451725,366.0
0.38,0.65,222.3822399834313,329.0
0.38,0.7,253.9461503798932,374.0
0.38,0.75,232.8932313076711,341.0
0.38,0.8,255.3400392270721,371.0
0.38,0.85,232.3978247511789,334.0
0.38,0.9,252.57772761130576,357.0
0.38,0.94,0.7146206567746651,0.0
0.38,0.95,269.35070570769847,370.0
0.39,0.05,257.47585806457425,351.0
0.39,0.1,277.703337694277,390.0
0.39,0.15,244.0460514477365,348.0
0.39,0.2,254.5470941862656,367.0
0.39,0.25,270.33014595704054,393.0
0.39,0.3,262.5238091691095,384.0
0.39,0.35,233.06946448959155,342.0
0.39,0.4,270.4865951374564,398.0
0.39,0.45,247.4048895513164,365.0
0.39,0.5,231.928021268741,342.0
0.39,0.55,240.189951542155,354.0
0.39,0.6,249.30129164482383,367.0
0.39,0.65,250.83703049648315,368.0
0.39,0.7,250.14253635217383,366.0
0.39,0.75,230.354287663368,335.0
0.39,0.8,257.72892456388246,372.0
0.39,0.85,258.50475429926576,369.0
0.39,0.9,231.61228818581665,325.0
0.39,0.95,274.12746302041126,374.0
0.4,0.05,238.76168098983143,323.0
0.4,0.1,256.23111456305054,357.0
0.4,0.15,258.55793204323504,366.0
0.4,0.2,257.55910776073773,369.0
0.4,0.25,246.6547470701272,356.0
0.4,0.3,256.97535879385066,373.0
0.4,0.35,239.32863081389684,349.0
0.4,0.4,245.38390180835367,359.0
0.4,0.45,234.13716618283868,343.0
0.4,0.5,257.33046918491965,377.0
0.4,0.55,250.73760920783715,367.0
0.4,0.6,251.7324034578756,368.0
0.4,0.65,244.07313180266013,356.0
0.4,0.7,231.5012387231002,336.0
0.4,0.75,236.9675882617465,342.0
0.4,0.8,256.31614852024376,367.0
0.4,0.85,230.109421742956,326.0
0.4,0.9,236.9934430087148,330.0
0.4,0.95,239.0052577024998,323.0
0.41,0.05,258.25214452467884,347.0
0.41,0.1,227.828189926765,315.0
0.41,0.15,234.6035725860309,330.0
0.41,0.2,240.453057983387,342.0
0.41,0.25,249.8284279170454,358.0
0.41,0.3,242.62335556332857,350.0
0.41,0.35,267.17866807125137,387.0
0.41,0.4,248.6233313378677,361.0
0.41,0.45,251.63365499745444,366.0
0.41,0.5,245.9466842092112,358.0
0.41,0.55,228.91276044249275,333.0
0.41,0.6,263.96516638093743,383.0
0.41,0.65,241.06654764226755,349.0
0.41,0.7,234.299216755218,338.0
0.41,0.75,253.81869491746443,364.0
0.41,0.8,273.57864642681875,389.0
0.41,0.85,243.2354808024517,342.0
0.41,0.9,267.6619865006143,370.0
0.41,0.95,269.589138769863,362.0
0.42,0.05,264.96911155182335,353.0
0.42,0.1,247.5025725903523,340.0
0.42,0.14,0.7222081911282654,0.0
0.42,0.15,255.13245340063764,356.0
0.42,0.2,267.61875605040456,378.0
0.42,0.25,259.30076189145694,369.0
0.42,0.3,263.2912276791362,377.0
0.42,0.35,223.29268737292003,321.0
0.42,0.4,237.89141177094228,343.0
0.42,0.45,253.4655847947008,366.0
0.42,0.5,254.51999831459293,368.0
0.42,0.55,232.09724353673545,335.0
0.42,0.6,233.6700208976773,337.0
0.42,0.65,234.8959100560953,338.0
0.42,0.7,256.8358034270448,368.0
0.42,0.75,268.8080351942334,383.0
0.42,0.8,257.66955987363826,364.0
0.42,0.85,244.27271368273296,341.0
0.42,0.87,0.717239040082299,0.0
0.42,0.9,277.0905119376067,380.0
0.42,0.95,253.9769545013788,338.0
0.43,0.05,275.18672688205487,364.0
0.43,0.1,244.3702389584608,333.0
0.43,0.15,251.843628525207,349.0
0.43,0.2,238.9664017037619,335.0
0.43,0.25,252.8834933289545,357.0
0.43,0.3,254.68242005688427,362.0
0.43,0.35,236.02105444520808,337.0
0.43,0.4,253.42475643967552,363.0
0.43,0.45,259.324185122251,372.0
0.43,0.5,231.28555152855824,332.0
0.43,0.55,228.624530241845,328.0
0.43,0.6,235.1107357298337,337.0
0.43,0.65,245.85385297272265,351.0
0.43,0.7,233.3324633823106,332.0
0.43,0.72,0.6995844122420205,0.0
0.43,0.75,250.35035724788696,354.0
0.43,0.8,240.1857468683466,337.0
0.43,0.85,251.08537742510967,348.0
0.43,0.9,262.39695236763333,358.0
0.43,0.95,248.5679839185363,329.0
0.44,0.05,276.64056773653067,363.0
0.44,0.1,255.23414723464745,345.0
0.44,0.15,263.7741996878766,363.0
0.44,0.2,227.06750573633389,316.0
0.44,0.25,257.80092300296604,362.0
0.44,0.3,238.67839551398708,337.0
0.44,0.35,267.2250557815843,379.0
0.44,0.4,222.87426921142,317.0
0.44,0.45,248.2690709732481,354.0
0.44,0.5,227.25837937385867,324.0
0.44,0.55,244.24921837695547,348.0
0.44,0.6,266.41830482111493,379.0
0.44,0.65,257.8218955633447,366.0
0.44,0.7,268.4102128784522,379.0
0.44,0.75,240.0001000032936,337.0
0.44,0.8,261.5273573014765,364.0
0.44,0.85,267.82182101932153,369.0
0.44,0.9,248.67185438403263,336.0
0.44,0.91,0.7681879065673705,0.0
0.44,0.95,251.69523145989703,330.0
0.45,0.05,275.9855617136786,360.0
0.45,0.1,279.2687945610194,375.0
0.45,0.15,264.7976377752786,362.0
0.45,0.2,242.3249033474152,335.0
0.45,0.25,271.3308961938093,378.0
0.45,0.3,270.16777271296667,379.0
0.45,0.35,270.462439656425,381.0
0.45,0.4,244.923503392172,346.0
0.45,0.45,247.13954138361427,350.0
0.45,0.5,261.30652958249846,370.0
0.45,0.55,274.22792614393154,388.0
0.45,0.6,259.1442639877219,366.0
0.45,0.65,269.6793252074938,380.0
0.45,0.7,249.388560563298,350.0
0.45,0.75,266.09297447288736,371.0
0.45,0.8,252.35871148795988,349.0
0.45,0.85,255.15853040664229,349.0
0.45,0.9,240.4831679581572,323.0
0.45,0.95,269.8985620742953,352.0
0.46,0.05,283.28771906272715,366.0
0.46,0.1,246.50410008855405,329.0
0.46,0.15,290.1027728432871,394.0
0.46,0.2,254.1377081663784,349.0
0.46,0.25,246.2861115001812,341.0
0.46,0.3,267.6329320710491,372.0
0.46,0.35,252.16967956525693,353.0
0.46,0.4,256.56632071839783,360.0
0.46,0.45,269.4861117991959,379.0
0.46,0.5,246.5707262503109,347.0
0.46,0.55,281.78247259643973,396.0
0.46,0.6,242.9312489361945,341.0
0.46,0.65,244.36446684736853,342.0
0.46,0.7,290.0745364879631,404.0
0.46,0.75,275.8832282537874,382.0
0.46,0.8,257.0487526701635,353.0
0.46,0.85,260.7753730573211,354.0
0.46,0.9,254.861537433038,340.0
0.46,0.95,263.6498630634174,341.0
0.47,0.05,258.3787598163783,332.0
0.47,0.1,242.23556433932205,321.0
0.47,0.15,274.4491376429261,370.0
0.47,0.2,248.49642085502296,339.0
0.47,0.25,259.571777456841,357.0
0.47,0.3,278.2911506300889,385.0
0.47,0.35,248.95897858596985,346.0
0.47,0.4,234.54587808764768,327.0
0.47,0.45,246.1741882672392,344.0
0.47,0.5,264.83337750386613,370.0
0.47,0.55,252.0624780253584,352.0
0.47,0.6,243.1185119194874,339.0
0.47,0.65,239.31974231171708,333.0
0.47,0.7,247.94311925931336,343.0
0.47,0.75,238.50111913105755,328.0
0.47,0.8,251.4060892945144,343.0
0.47,0.85,289.27371898743394,390.0
0.47,0.9,289.9570576122343,384.0
0.47,0.95,272.2894389064873,350.0
0.48,0.05,275.9737269002607,352.0
0.48,0.1,269.18096876744283,354.0
0.48,0.15,255.7005384666589,342.0
0.48,0.2,246.61756628822687,334.0
0.48,0.25,269.988151875649,369.0
0.48,0.3,264.1196811876728,363.0
0.48,0.35,262.33657871781975,362.0
0.48,0.4,250.63565400052588,347.0
0.48,0.45,252.980619450478,351.0
0.48,0.5,234.1502103769009,325.0
0.48,0.55,262.240093316817,364.0
0.48,0.6,259.3038075329739,359.0
0.48,0.65,231.0173559335687,319.0
0.48,0.7,250.18866330511955,344.0
0.48,0.75,264.9659117006337,362.0
0.48,0.8,239.1036757357486,324.0
0.48,0.85,276.22139565128083,370.0
0.48,0.9,269.84630145494555,355.0
0.48,0.95,259.39104759378534,331.0
0.49,0.05,274.69123090526574,348.0
0.49,0.1,248.0038429361581,324.0
0.49,0.15,270.6099865051099,360.0
0.49,0.2,295.8087490517052,398.0
0.49,0.25,257.875176453222,350.0
0.49,0.3,265.7618298415445,363.0
0.49,0.35,263.14615153460824,361.0
0.49,0.4,246.42923929008555,339.0
0.49,0.45,252.5711181582882,348.0
0.49,0.5,263.2919058365955,363.0
0.49,0.55,220.7102877190273,304.0
0.49,0.6,255.06781024576705,351.0
0.49,0.65,255.7785983128296,351.0
0.49,0.7,250.367068156056,342.0
0.49,0.75,277.1555067567142,376.0
0.49,0.8,280.1591330467013,377.0
0.49,0.85,248.75749985844945,331.0
0.49,0.9,293.0831358393988,383.0
0.49,0.95,303.77471514206155,385.0
0.5,0.05,285.3712107452462,359.0
0.5,0.1,290.570220518835,377.0
0.5,0.15,273.9834343628466,362.0
0.5,0.2,275.3723204376697,368.0
0.5,0.25,268.5412664752195,362.0
0.5,0.3,268.92999168938445,365.0
0.5,0.35,257.71400878840603,351.0
0.5,0.4,268.3485082762611,367.0
0.5,0.45,257.1549726185428,352.0
0.5,0.5,248.1166442745412,340.0
0.5,0.55,240.92605362288225,330.0
0.5,0.6,248.8913570290676,340.0
0.5,0.65,257.6061636523502,351.0
0.5,0.7,268.21876731631613,363.0
0.5,0.75,257.24681902456246,347.0
0.5,0.8,269.978505304114,361.0
0.5,0.85,259.7374271667926,343.0
0.5,0.9,283.0736538542372,367.0
0.5,0.95,298.0219686948377,375.0
0.51,0.03,0.8132142260613847,0.0
0.51,0.05,321.4211320919024,402.0
0.51,0.1,306.63514205604315,395.0
0.51,0.15,266.9158738651757,350.0
0.51,0.2,257.5159076364353,342.0
0.51,0.25,285.9932665440168,383.0
0.51,0.3,238.32421951115592,321.0
0.51,0.35,252.6862017178884,342.0
0.51,0.4,264.55329224945643,359.0
0.51,0.45,247.1014260898502,335.0
0.51,0.5,254.8603627106637,347.0
0.51,0.55,260.9361623044081,355.0
0.51,0.6,246.85905611157173,335.0
0.51,0.65,246.809372121464,334.0
0.51,0.7,249.326667112186,336.0
0.51,0.75,252.41589423979045,338.0
0.51,0.8,261.93571321725784,348.0
0.51,0.85,266.6758889681193,350.0
0.51,0.9,278.47961717677094,359.0
0.51,0.95,271.90430848189914,340.0
0.52,0.05,280.111012730011,348.0
0.52,0.1,271.1062685105823,347.0
0.52,0.15,294.5641187979226,384.0
0.52,0.2,286.4930903358145,378.0
0.52,0.25,258.841682455745,344.0
0.52,0.3,263.6793533934144,353.0
0.52,0.35,266.2756298805125,358.0
0.52,0.4,231.3468774314584,312.0
0.52,0.45,279.02286450943257,377.0
0.52,0.5,251.53699223534497,340.0
0.52,0.55,255.29371881258265,345.0
0.52,0.6,272.23135173010616,367.0
0.52,0.65,283.259903269829,381.0
0.52,0.7,249.4704709819907,334.0
0.52,0.75,261.526510120426,348.0
0.52,0.8,276.22147178306375,364.0
0.52,0.85,284.75606820913845,371.0
0.52,0.9,274.2177871397983,351.0
0.52,0.95,304.9873626517824,379.0
0.53,0.05,294.1772597150578,363.0
0.53,0.1,265.2706259520781,337.0
0.53,0.15,275.7405600196939,357.0
0.53,0.2,265.59075133791515,348.0
0.53,0.25,259.6238012269624,343.0
0.53,0.29,0.7531211239639668,0.0
0.53,0.3,251.1245657422847,334.0
0.53,0.35,273.83734625136907,366.0
0.53,0.4,271.5851216716041,364.0
0.53,0.45,241.42242628040776,324.0
0.53,0.48,0.7443120031322881,0.0
0.53,0.5,264.47767935159817,355.0
0.53,0.55,254.80527093840783,342.0
0.53,0.6,262.59563272257856,352.0
0.53,0.65,260.54135179105435,348.0
0.53,0.7,278.96884217892824,371.0
0.53,0.75,276.9108175879039,366.0
0.53,0.8,245.76072890860152,322.0
0.53,0.85,251.7469946710495,326.0
0.53,0.9,280.6686469871724,357.0
0.53,0.95,296.6899764775338,366.0
0.54,0.05,275.14161854986816,337.0
0.54,0.1,300.0968270075068,379.0
0.54,0.15,289.1420988248029,372.0
0.54,0.2,284.2319660592883,370.0
0.54,0.25,302.41264826332053,397.0
0.54,0.3,278.48445007481166,368.0
0.54,0.35,256.7800310693621,341.0
0.54,0.4,282.5262952992309,376.0
0.54,0.45,280.53976218165604,374.0
0.54,0.5,245.8094600050244,328.0
0.54,0.55,302.2401843102133,403.0
0.54,0.6,257.6642060061197,343.0
0.54,0.65,267.4961110626123,355.0
0.54,0.7,296.079306981974,391.0
0.54,0.75,269.4299408886702,354.0
0.54,0.8,256.6602392742778,334.0
0.54,0.85,290.9997960015748,374.0
0.54,0.87,0.7744663901255299,0.0
0.54,0.9,291.32758194514054,368.0
0.54,0.95,272.259269429669,334.0
0.55,0.05,289.7831501349651,353.0
0.55,0.1,262.24208263399174,329.0
0.55,0.15,272.31979868997234,348.0
0.55,0.2,297.1729168968047,384.0
0.55,0.25,268.3560729909708,350.0
0.55,0.3,278.07621730745285,365.0
0.55,0.35,276.0688875304205,364.0
0.55,0.4,281.18472922033897,372.0
0.55,0.45,269.5616818907063,357.0
0.55,0.5,254.95759658515675,338.0
0.55,0.55,270.8936460902507,359.0
0.55,0.6,255.4502627998802,338.0
0.55,0.64,0.7588064617424497,0.0
0.55,0.65,254.6974834718351,336.0
0.55,0.7,270.3918753818088,355.0
0.55,0.75,252.92704378968503,330.0
0.55,0.8,311.86229980234333,403.0
0.55,0.85,283.3296471908078,362.0
0.55,0.9,283.4008114948612,356.0
0.55,0.95,304.68779209209293,371.0
0.56,0.05,280.98369236731577,340.0
0.56,0.1,295.98833241363354,369.0
0.56,0.15,282.7507070046577,359.0
0.56,0.2,266.9483008077213,343.0
0.56,0.25,280.1195337376637,363.0
0.56,0.3,282.9670643907775,369.0
0.56,0.34,0.7579106044585389,0.0
0.56,0.35,305.2707797338385,400.0
0.56,0.4,286.0316836327369,376.0
0.56,0.45,262.7020015219431,346.0
0.56,0.5,268.64640715340886,354.0
0.56,0.55,293.4262305858227,386.0
0.56,0.6,244.08293325051136,321.0
0.56,0.65,284.83687616935646,373.0
0.56,0.7,269.0002288625401,351.0
0.56,0.75,308.69260705384465,400.0
0.56,0.8,302.8760089550195,389.0
0.56,0.85,283.58566103055193,360.0
0.56,0.9,307.9999047411169,384.0
0.56,0.95,313.49084322285546,379.0
0.57,0.05,280.922912492811,338.0
0.57,0.1,271.8266695438997,337.0
0.57,0.15,275.2441789021928,347.0
0.57,0.2,269.3950729494041,344.0
0.57,0.25,271.1142563679359,349.0
0.57,0.3,257.1321204256392,333.0
0.57,0.32,0.7603705494944553,0.0
0.57,0.35,268.324530618242,349.0
0.57,0.4,304.97437941842657,398.0
0.57,0.45,257.7431296080577,337.0
0.57,0.5,245.29362226781657,321.0
0.57,0.55,289.8395308406635,379.0
0.57,0.6,284.70375892406565,372.0
0.57,0.65,281.0678673833829,366.0
0.57,0.7,274.69243317223675,356.0
0.57,0.75,255.54874189622063,329.0
0.57,0.8,281.1531765929073,359.0
0.57,0.85,297.3286913094892,375.0
0.57,0.9,268.62001704472874,333.0
0.57,0.95,265.12372257848574,319.0
0.58,0.05,311.37078625070586,372.0
0.58,0.1,284.4027356334276,350.0
0.58,0.15,282.7062715093554,354.0
0.58,0.2,271.27245908982326,344.0
0.58,0.25,295.4511365509005,378.0
0.58,0.3,283.6430208146888,365.0
0.58,0.35,251.2489919137379,325.0
0.58,0.4,268.2402380958243,348.0
0.58,0.45,272.46167552101457,354.0
0.58,0.5,278.2657881231906,362.0
0.58,0.55,274.73211113371644,357.0
0.58,0.6,278.96831695038173,362.0
0.58,0.65,276.77256002076984,358.0
0.58,0.7,258.60988408542704,333.0
0.58,0.75,288.4519365184163,369.0
0.58,0.8,240.57729795176647,305.0
0.58,0.85,272.945599052808,342.0
0.58,0.9,275.18318884312527,339.0
0.58,0.95,305.14113497885177,365.0
0.59,0.05,264.31870519842084,314.0
0.59,0.1,283.71831583983754,347.0
0.59,0.15,277.7843078361109,346.0
0.59,0.16,0.8051375545905997,0.0
0.59,0.2,316.5853660933879,399.0
0.59,0.25,276.0395204647396,351.0
0.59,0.3,261.85701601029723,335.0
0.59,0.35,291.02070872361884,374.0
0.59,0.4,280.0500691787617,361.0
0.59,0.45,280.4011384557187,362.0
0.59,0.5,281.74936826768936,364.0
0.59,0.55,277.1601588146462,358.0
0.59,0.6,268.444767839417,346.0
0.59,0.65,278.60985010174454,358.0
0.59,0.7,280.5574915244949,359.0
0.59,0.75,277.7067096128663,353.0
0.59,0.8,276.0798832903676,348.0
0.59,0.85,305.28451375932667,380.0
0.59,0.9,303.1721014347991,371.0
0.59,0.95,290.4859468271528,345.0
0.6,0.05,287.1807765125538,339.0
0.6,0.1,273.8550320865104,333.0
0.6,0.15,300.80776639625503,372.0
0.6,0.2,280.3157259186379,351.0
0.6,0.25,262.678293156348,332.0
0.6,0.3,268.30521357110547,341.0
0.6,0.35,302.2750561553433,386.0
0.6,0.39,0.7791362276388744,0.0
0.6,0.4,280.36656332899184,359.0
0.6,0.45,264.25667188252737,339.0
0.6,0.5,274.32672050319,352.0
0.6,0.54,0.7835932170599266,0.0
0.6,0.55,287.5733957209577,369.0
0.6,0.6,276.25017637495483,354.0
0.6,0.65,302.4036989077131,386.0
0.6,0.7,296.5077690454887,377.0
0.6,0.75,288.19713715498506,364.0
0.6,0.8,288.9436137803048,362.0
0.6,0.85,304.7425222975958,377.0
0.6,0.9,298.50871067793094,363.0
0.6,0.95,312.3166346560719,369.0
0.61,0.05,296.3837637697351,348.0
0.61,0.1,288.93818454299594,349.0
0.61,0.15,286.24050427998685,352.0
0.61,0.2,260.36103010145,324.0
0.61,0.25,265.4426114626456,333.0
0.61,0.3,285.0276741905912,360.0
0.61,0.35,267.1006518323966,339.0
0.61,0.4,262.39347345857146,334.0
0.61,0.45,276.73752791210734,353.0
0.61,0.5,268.91229898175783,343.0
0.61,0.55,265.95434322027575,339.0
0.61,0.6,261.5197550115112,333.0
0.61,0.65,297.04896063792324,377.0
0.61,0.7,280.2326620181787,354.0
0.61,0.75,289.21455805777646,363.0
0.61,0.8,301.2561829814299,375.0
0.61,0.85,286.20943441614986,352.0
0.61,0.9,293.6234978189265,355.0
0.61,0.91,0.8352588704659794,0.0
0.61,0.95,310.7269075223229,365.0
0.62,0.05,288.28031334671573,337.0
0.62,0.1,291.3296320660075,350.0
0.62,0.15,300.3958845595373,367.0
0.62,0.2,282.9844616392242,350.0
0.62,0.25,306.1898437576305,382.0
0.62,0.3,267.74655217445223,336.0
0.62,0.35,290.4159306614519,366.0
0.62,0.4,306.8724843024209,388.0
0.62,0.45,290.4364009697254,368.0
0.62,0.5,280.11006861792765,355.0
0.62,0.55,297.6624639270367,377.0
0.62,0.6,263.1818294188457,333.0
0.62,0.65,275.9338037151277,348.0
0.62,0.7,302.6597304931767,380.0
0.62,0.75,267.12925763530245,333.0
0.62,0.8,274.8750984474719,340.0
0.62,0.85,288.8207272987429,353.0
0.62,0.9,345.56524560380063,415.0
0.62,0.95,288.9432279441624,337.0
0.63,0.05,328.408494190836,381.0
0.63,0.1,312.2494131150332,373.0
0.63,0.15,281.68614278641274,342.0
0.63,0.2,273.3015415448669,336.0
0.63,0.25,282.3150919635198,350.0
0.63,0.3,289.59445633836145,361.0
0.63,0.35,273.7891905733233,343.0
0.63,0.4,273.0273366336278,343.0
0.63,0.45,294.830689031681,371.0
0.63,0.5,261.22696268869896,329.0
0.63,0.55,265.31864937164534,334.0
0.63,0.6,293.56647117875536,369.0
0.63,0.65,303.3353020901388,380.0
0.63,0.7,265.4913792046831,331.0
0.63,0.75,305.79084140168715,379.0
0.63,0.8,279.9450899183657,344.0
0.63,0.85,291.44044858908563,354.0
0.63,0.9,300.75510640129505,359.0
0.63,0.95,294.74256640051266,342.0
0.64,0.05,298.861012947132,345.0
0.64,0.1,304.0101899856917,361.0
0.64,0.15,288.21686743059644,348.0
0.64,0.2,271.9809336160475,332.0
0.64,0.25,287.5168174905652,354.0
0.64,0.3,266.3095223249076,330.0
0.64,0.35,248.2644278675345,309.0
0.64,0.4,292.3180613008586,365.0
0.64,0.45,303.66685289259,380.0
0.64,0.5,297.9966127408946,373.0
0.64,0.55,261.4060550399658,327.0
0.64,0.6,295.525187083653,369.0
0.64,0.65,269.1154344030245,335.0
0.64,0.7,265.370715026535,329.0
0.64,0.75,272.7334309535107,336.0
0.64,0.8,275.13601622010435,336.0
0.64,0.85,295.87283122647665,357.0
0.64,0.86,0.8308374773886941,0.0
0.64,0.9,291.669026270233,346.0
0.64,0.95,312.61341422539846,361.0
0.65,0.05,306.8798746933871,352.0
0.65,0.1,328.8829297027117,388.0
0.65,0.15,318.12885305922555,382.0
0.65,0.2,309.90138725363704,376.0
0.65,0.25,280.239404711445,343.0
0.65,0.3,299.5556011026752,369.0
0.65,0.35,266.07597208002727,329.0
0.65,0.4,300.6169148231441,373.0
0.65,0.45,279.0931492258565,347.0
0.65,0.5,254.2422382769094,316.0
0.65,0.54,0.8097678212156757,0.0
0.65,0.55,290.58207504536324,361.0
0.65,0.58,0.8045482814105533,0.0
0.65,0.6,295.87759047999634,367.0
0.65,0.65,274.0458496209936,339.0
0.65,0.7,271.32098779909694,334.0
0.65,0.75,297.4587123490652,364.0
0.65,0.8,285.91006977347706,347.0
0.65,0.85,283.5079945949921,340.0
0.65,0.9,272.23133929955907,321.0
0.65,0.95,318.9032798422434,366.0
0.65,0.97,0.8920959036117734,0.0
0.66,0.05,305.76659747602764,349.0
0.66,0.1,352.1968794795496,413.0
0.66,0.15,316.189638494202,377.0
0.66,0.2,280.0856411635232,338.0
0.66,0.25,291.7520120971513,355.0
0.66,0.3,283.3680564502653,347.0
0.66,0.35,287.7580502908938,354.0
0.66,0.4,257.8768348662963,318.0
0.66,0.45,279.35078139280967,345.0
0.66,0.5,266.977869417266,330.0
0.66,0.55,284.86447034369183,352.0
0.66,0.56,0.8037733392435766,0.0
0.66,0.6,272.6085413443612,336.0
0.66,0.65,284.62288445818183,350.0
0.66,0.7,273.64011885070687,335.0
0.66,0.75,268.62450903049177,327.0
0.66,0.8,303.3489256816439,366.0
0.66,0.85,300.94563385438505,359.0
0.66,0.86,0.8429156959199924,0.0
0.66,0.9,287.2898837504305,337.0
0.66,0.95,336.377638969821,384.0
0.67,0.05,311.0129730123249,353.0
0.67,0.1,312.95847986624506,365.0
0.67,0.15,284.23768585372574,337.0
0.67,0.2,286.24315970105897,343.0
0.67,0.25,314.3648314053409,380.0
0.67,0.3,328.8122481839678,400.0
0.67,0.35,323.328969620977,395.0
0.67,0.4,283.8948215512684,348.0
0.67,0.45,314.4946712605417,386.0
0.67,0.5,274.45001542171286,337.0
0.67,0.55,307.30237604698993,377.0
0.67,0.6,269.3165483579501,330.0
0.67,0.65,307.61312428966,376.0
0.67,0.7,284.5012505367581,346.0
0.67,0.75,299.48824164655946,362.0
0.67,0.8,324.3972785276058,389.0
0.67,0.85,292.712190214897,347.0
0.67,0.9,282.9422987104495,330.0
0.67,0.95,308.30906878038223,350.0
0.68,0.05,300.95472881662965,340.0
0.68,0.1,308.72999300520803,358.0
0.68,0.15,295.19768543227656,348.0
0.68,0.2,282.7165936281347,337.0
0.68,0.25,334.3769206354531,402.0
0.68,0.3,299.4320160735206,362.0
0.68,0.35,296.4104010169074,360.0
0.68,0.4,267.7805975825177,326.0
0.68,0.45,277.1597827572555,338.0
0.68,0.5,291.7601875782582,356.0
0.68,0.55,281.1240770044819,343.0
0.68,0.6,257.8704188129067,314.0
0.68,0.65,302.2974304452034,367.0
0.68,0.7,275.5735773056225,333.0
0.68,0.75,299.5491917377421,360.0
0.68,0.8,297.82998110434187,355.0
0.68,0.85,285.84029901115906,337.0
0.68,0.9,298.97492861605366,347.0
0.68,0.95,328.510661484337,371.0
0.69,0.05,303.3693751520685,341.0
0.69,0.1,296.3970010259571,342.0
0.69,0.15,291.0576629564048,341.0
0.69,0.2,292.6984757771792,347.0
0.69,0.25,292.23314251338354,349.0
0.69,0.3,295.43367719235806,355.0
0.69,0.35,271.7245030864684,328.0
0.69,0.4,283.30770736673594,343.0
0.69,0.45,310.1923713401511,376.0
0.69,0.5,258.9975555663299,313.0
0.69,0.55,293.80567766990987,356.0
0.69,0.6,286.74278111003093,347.0
0.69,0.65,293.306677488608,354.0
0.69,0.7,303.72887877853697,365.0
0.69,0.75,297.1945586660314,355.0
0.69,0.8,276.8184535576717,328.0
0.69,0.85,294.52055850713435,345.0
0.69,0.9,299.205052719746,345.0
0.69,0.95,320.45629867070403,360.0
0.7,0.05,311.3795878776333,348.0
0.7,0.1,302.5565057578366,347.0
0.7,0.15,291.76945791684057,340.0
0.7,0.2,322.6700979987341,380.0
0.7,0.25,275.4151158600509,327.0
0.7,0.3,293.9772026951073,351.0
0.7,0.35,286.0238935915056,343.0
0.7,0.4,280.1863900157922,337.0
0.7,0.45,305.49835351454107,368.0
0.7,0.5,305.920689976761,369.0
0.7,0.55,311.2809322026818,375.0
0.7,0.6,297.56964652670763,358.0
0.7,0.65,295.081245785411,354.0
0.7,0.7,293.09619673829343,350.0
0.7,0.75,304.98534755146187,362.0
0.7,0.8,301.4869487284363,355.0
0.7,0.85,333.9408047180761,389.0
0.7,0.9,338.58871354369256,388.0
0.7,0.95,305.0752362869479,341.0
0.71,0.05,333.6075866541367,371.0
0.71,0.1,304.2912962398262,347.0
0.71,0.15,295.4028659042935,342.0
0.71,0.2,295.42280373316373,346.0
0.71,0.25,302.5324859370976,357.0
0.71,0.3,306.8402133873674,364.0
0.71,0.35,316.4257565072021,377.0
0.71,0.4,303.69203953162264,363.0
0.71,0.45,330.62263148163123,396.0
0.71,0.5,290.4346475198139,348.0
0.71,0.55,285.73818958912733,342.0
0.71,0.6,294.45490887954134,352.0
0.71,0.65,279.3322141033741,333.0
0.71,0.7,347.96815339198594,413.0
0.71,0.75,294.02149171515055,347.0
0.71,0.8,289.6522122346584,339.0
0.71,0.85,302.3194161127453,350.0
0.71,0.9,308.0874091644338,351.0
0.71,0.95,341.7515866991011,380.0
0.71,0.99,0.9476690211907164,0.0
0.72,0.05,305.46310338821377,338.0
0.72,0.1,316.48771587630114,359.0
0.72,0.15,303.8844219423132,350.0
0.72,0.2,289.43666218226707,337.0
0.72,0.25,302.63869212775774,355.0
0.72,0.3,313.5873696178156,370.0
0.72,0.35,310.6076213294515,368.0
0.72,0.4,303.84720706373633,361.0
0.72,0.45,275.7509846164949,328.0
0.72,0.5,257.8991095796422,307.0
0.72,0.55,263.095266687356,313.0
0.72,0.6,275.35821192744555,327.0
0.72,0.65,287.71968988212825,341.0
0.72,0.7,283.98704777091115,335.0
0.72,0.75,300.85557618193553,353.0
0.72,0.8,296.40316942786006,345.0
0.72,0.85,293.4402860211141,337.0
0.72,0.9,312.1224355728445,354.0
0.72,0.95,300.08395747498014,332.0
0.73,0.02,0.9293674057822456,0.0
0.73,0.05,344.2645082602701,379.0
0.73,0.1,348.38577899562864,393.0
0.73,0.15,325.0121238539273,372.0
0.73,0.2,325.8779731716516,377.0
0.73,0.25,307.0649048381796,358.0
0.73,0.3,338.58741976196035,397.0
0.73,0.35,291.2804686270636,343.0
0.73,0.4,318.6034118565528,376.0
0.73,0.45,300.11786860094577,355.0
0.73,0.5,322.8678320855077,382.0
0.73,0.55,288.4299415317936,341.0
0.73,0.6,315.9232269903358,373.0
0.73,0.65,289.5511957425731,341.0
0.73,0.7,313.88101387602387,368.0
0.73,0.75,293.26252057329634,342.0
0.73,0.8,293.856201539133,340.0
0.73,0.85,307.44797567357125,352.0
0.73,0.9,331.4191994571504,374.0
0.73,0.95,294.9545299688531,325.0
0.74,0.05,344.8817757915538,378.0
0.74,0.1,293.364071010991,329.0
0.74,0.15,328.4398171608489,374.0
0.74,0.2,311.0969141235588,358.0
0.74,0.25,282.0664659594744,327.0
0.74,0.3,327.84741226985886,382.0
0.74,0.35,295.5955343372656,346.0
0.74,0.4,314.35096749615496,369.0
0.74,0.45,319.92968668931707,376.0
0.74,0.5,296.08487655394424,348.0
0.74,0.55,317.4275344158735,373.0
0.74,0.6,285.3952862674655,335.0
0.74,0.65,283.63978832895725,332.0
0.74,0.7,301.99106232279826,352.0
0.74,0.75,288.1594327339332,334.0
0.74,0.8,265.16066371435824,304.0
0.74,0.85,335.4642166061134,382.0
0.74,0.9,303.73226230701096,341.0
0.74,0.95,310.31177530126047,340.0
0.75,0.05,324.6589591272541,354.0
0.75,0.1,301.1423334087459,336.0
0.75,0.15,317.11065362307494,359.0
0.75,0.2,288.5175428590929,330.0
0.75,0.25,336.8412060688373,388.0
0.75,0.26,0.8766814458357196,0.0
0.75,0.3,318.5804231743488,369.0
0.75,0.35,350.7651985712548,408.0
0.75,0.4,310.3721539776976,362.0
0.75,0.45,303.21140375906367,354.0
0.75,0.5,314.967193389254,368.0
0.75,0.55,301.44261496210163,352.0
0.75,0.6,301.8502222592459,352.0
0.75,0.65,280.2175910646514,326.0
0.75,0.7,327.99677561907936,380.0
0.75,0.75,304.6410974280874,351.0
0.75,0.8,330.32809064274915,378.0
0.75,0.85,322.4446342346432,365.0
0.75,0.9,287.62204281983884,321.0
0.75,0.95,312.5963341634708,341.0
0.76,0.05,322.38711615405623,350.0
0.76,0.1,293.48983041217883,326.0
0.76,0.15,303.8206061113045,342.0
0.76,0.2,334.1899843619308,380.0
0.76,0.25,296.88380066436264,340.0
0.76,0.3,306.6289393584032,353.0
0.76,0.35,293.4335957985415,339.0
0.76,0.4,305.47181261707664,354.0
0.76,0.45,293.8414830145545,341.0
0.76,0.5,289.39405139386866,336.0
0.76,0.55,289.4767540788016,336.0
0.76,0.6,320.1521730625377,371.0
0.76,0.65,312.4830296990917,361.0
0.76,0.7,313.42732485974005,361.0
0.76,0.75,325.6600345933669,373.0
0.76,0.8,299.0309125645604,340.0
0.76,0.85,316.2146125121811,356.0
0.76,0.9,319.6315869460698,355.0
0.76,0.95,310.3575822124416,337.0
0.76,0.99,0.957105381119682,0.0
0.77,0.05,312.73580987543346,338.0
0.77,0.1,299.62958006923907,331.0
0.77,0.15,330.51244529075706,370.0
0.77,0.2,282.2460029383752,319.0
0.77,0.25,319.74147139976856,364.0
0.77,0.3,326.847568348441,374.0
0.77,0.35,309.01682480290964,355.0
0.77,0.4,308.22052435109885,355.0
0.77,0.45,316.499943235544,365.0
0.77,0.5,315.4033726982763,364.0
0.77,0.55,305.29198131334647,352.0
0.77,0.6,305.5623922137143,352.0
0.77,0.63,0.8754986888060239,0.0
0.77,0.65,295.2184540858227,339.0
0.77,0.7,326.86601716630264,374.0
0.77,0.75,322.2682909123082,367.0
0.77,0.8,323.77804840947584,366.0
0.77,0.85,319.7372408013718,358.0
0.77,0.9,320.53072408537696,354.0
0.77,0.95,336.7335725124884,364.0
0.78,0.05,322.37217900867773,347.0
0.78,0.1,355.7460972062657,391.0
0.78,0.15,345.7483317754241,385.0
0.78,0.2,333.6541990232981,375.0
0.78,0.25,280.09218788706926,317.0
0.78,0.3,318.185875389126,362.0
0.78,0.35,302.18358945650147,345.0
0.78,0.4,310.91080988178686,356.0
0.78,0.45,294.9339715949181,338.0
0.78,0.5,317.4017653153523,364.0
0.78,0.55,280.10405900082515,321.0
0.78,0.6,314.5263642365728,360.0
0.78,0.65,301.29470102408544,344.0
0.78,0.7,322.6000999546254,367.0
0.78,0.75,313.58138920312933,355.0
0.78,0.8,336.2706619879758,378.0
0.78,0.85,333.24468753458484,371.0
0.78,0.9,313.0766741885369,344.0
0.78,0.95,355.0543152452716,382.0
0.79,0.05,325.717634926049,349.0
0.79,0.1,302.6416040171978,331.0
0.79,0.15,320.4022949537348,355.0
0.79,0.2,346.22228699444526,387.0
0.79,0.25,331.6157989918073,373.0
0.79,0.3,294.44639039288,333.0
0.79,0.35,331.2698785788621,376.0
0.79,0.4,306.6772631872756,349.0
0.79,0.45,294.9336128070314,336.0
0.79,0.5,296.5678664978554,338.0
0.79,0.55,301.91283190122385,344.0
0.79,0.6,316.45763439520755,360.0
0.79,0.65,322.5452406542568,366.0
0.79,0.7,325.55536359518345,368.0
0.79,0.75,323.5230222709,364.0
0.79,0.8,318.6317175101782,356.0
0.79,0.85,329.7131899287135,365.0
0.79,0.9,325.5699339668492,356.0
0.79,0.95,299.6406402080885,321.0
0.8,0.05,326.0979969827526,348.0
0.8,0.1,284.96491677071765,310.0
0.8,0.15,342.23535765859543,377.0
0.8,0.2,323.01172058373567,359.0
0.8,0.25,306.6008736047714,343.0
0.8,0.3,347.80240838405393,391.0
0.8,0.35,283.76765746714864,320.0
0.8,0.4,317.41230330006795,359.0
0.8,0.45,306.519246685775,347.0
0.8,0.5,324.7848526521088,368.0
0.8,0.55,289.5749266084366,328.0
0.8,0.6,313.9011070477333,355.0
0.8,0.65,312.9852204633454,353.0
0.8,0.66,0.8864085737007317,0.0
0.8,0.7,326.5350438760861,367.0
0.8,0.75,327.141135191254,366.0
0.8,0.8,309.5136325278437,344.0
0.8,0.85,356.7034736531585,393.0
0.8,0.9,333.57976186239017,363.0
0.8,0.95,350.3816550898096,374.0
0.81,0.05,347.26251381938454,369.0
0.81,0.1,316.69821156123294,343.0
0.81,0.11,0.9243657818238228,0.0
0.81,0.15,306.6515987836563,336.0
0.81,0.2,317.5832360201071,351.0
0.81,0.25,336.26949502268496,374.0
0.81,0.3,329.3598348587666,368.0
0.81,0.35,336.2600626567527,377.0
0.81,0.4,327.48026569768206,368.0
0.81,0.45,347.5372968770944,391.0
0.81,0.48,0.883452175027228,0.0
0.81,0.5,336.7280476633571,379.0
0.81,0.55,314.65123312637945,354.0
0.81,0.6,325.5983539863613,366.0
0.81,0.65,319.334136234977,358.0
0.81,0.7,295.2616572397361,330.0
0.81,0.75,323.7609954258364,360.0
0.81,0.8,309.5520486999999,342.0
0.81,0.85,326.6303284909357,358.0
0.81,0.9,335.3693086663833,363.0
0.81,0.95,322.8846492058305,343.0
0.82,0.05,300.5502947476352,318.0
0.82,0.1,330.4539716995053,356.0
0.82,0.15,286.1947933965956,312.0
0.82,0.2,318.44314949186406,350.0
0.82,0.25,307.4349293203413,340.0
0.82,0.3,343.0719317400986,381.0
0.82,0.35,331.125546119618,369.0
0.82,0.4,330.42836298148546,369.0
0.82,0.45,312.09924222318097,349.0
0.82,0.5,337.7648535451391,378.0
0.82,0.55,319.18339839909777,357.0
0.82,0.6,326.7544507655643,365.0
0.82,0.65,344.5128320658849,384.0
0.82,0.7,297.0499793845177,330.0
0.82,0.73,0.8997023919594496,0.0
0.82,0.75,321.01440838937503,355.0
0.82,0.8,296.63556650974465,326.0
0.82,0.85,342.1764669557671,373.0
0.82,0.9,349.81210879565333,377.0
0.82,0.95,346.79466278809804,367.0
0.83,0.05,330.1051841727195,348.0
0.83,0.1,313.3722207285064,336.0
0.83,0.15,340.39682633919875,369.0
0.83,0.2,314.746502080057,344.0
0.83,0.25,308.4193362613804,339.0
0.83,0.3,303.3349266714505,335.0
0.83,0.35,300.6169234249155,333.0
0.83,0.4,309.9253879062097,344.0
0.83,0.45,308.63066634414275,343.0
0.83,0.5,331.0256764654075,368.0
0.83,0.55,329.26951513728346,366.0
0.83,0.6,307.13920090373665,341.0
0.83,0.65,333.2040144198996,369.0
0.83,0.7,332.3625357338497,367.0
0.83,0.75,337.43015811270584,371.0
0.83,0.8,324.8540030751228,355.0
0.83,0.85,326.48237048143375,354.0
0.83,0.9,335.72441137629073,360.0
0.83,0.95,342.49900441321944,361.0
0.84,0.05,319.03692656488414,335.0
0.84,0.1,339.3119849357443,362.0
0.84,0.15,317.0883815318521,342.0
0.84,0.2,318.2999267050732,346.0
0.84,0.25,300.93055222660075,329.0
0.84,0.3,317.9210265575975,349.0
0.84,0.35,337.9473784019454,372.0
0.84,0.4,315.35734628182314,348.0
0.84,0.45,309.56336861622054,342.0
0.84,0.5,309.5828216921145,342.0
0.84,0.55,282.4529598205815,312.0
0.84,0.6,328.0395806718222,362.0
0.84,0.65,329.7295774296616,363.0
0.84,0.7,321.6770652935377,353.0
0.84,0.75,381.4534681405642,417.0
0.84,0.8,330.16662818643624,359.0
0.84,0.85,324.48505795581434,350.0
0.84,0.9,330.66106217503324,353.0
0.84,0.95,359.0052143754208,377.0
0.85,0.05,379.6331874908434,397.0
0.85,0.07,0.9519032195300609,0.0
0.85,0.1,345.52778247755055,367.0
0.85,0.15,350.30533687735743,376.0
0.85,0.2,306.15323738547573,331.0
0.85,0.25,326.6816791434789,355.0
0.85,0.3,312.427411048548,341.0
0.85,0.35,333.54731925992644,365.0
0.85,0.4,324.64469545940864,356.0
0.85,0.45,332.362088344952,365.0
0.85,0.5,343.33166821583586,377.0
0.85,0.55,331.6714847408028,364.0
0.85,0.6,306.452651997621,336.0
0.85,0.65,332.6055507817245,364.0
0.85,0.7,370.210809733001,404.0
0.85,0.75,325.6329768908972,354.0
0.85,0.8,333.00206854794965,360.0
0.85,0.85,334.50221090546404,359.0
0.85,0.9,347.29012581234247,369.0
0.85,0.95,369.0176529698235,386.0
0.86,0.04,0.9675199059910448,0.0
0.86,0.05,359.91458918828164,375.0
0.86,0.1,330.0770852173191,349.0
0.86,0.15,312.84437589672183,334.0
0.86,0.18,0.926988723832356,0.0
0.86,0.2,349.70297379886244,376.0
0.86,0.25,344.13848514384506,372.0
0.86,0.3,345.69297278464484,375.0
0.86,0.35,324.44633501254737,353.0
0.86,0.4,341.3780764716242,372.0
0.86,0.45,322.59518697715424,352.0
0.86,0.5,342.5765768593724,374.0
0.86,0.55,303.2515470648739,331.0
0.86,0.6,292.709589243346,319.0
0.86,0.65,336.33404477526847,366.0
0.86,0.7,291.20165251815297,316.0
0.86,0.75,312.7546641053305,338.0
0.86,0.78,0.9304191297640418,0.0
0.86,0.8,372.0840377548693,400.0
0.86,0.85,333.4130256116109,356.0
0.86,0.9,339.49127744763246,359.0
0.86,0.95,345.50041754146514,360.0
0.87,0.05,313.0636127142553,325.0
0.87,0.1,338.08353173706433,356.0
0.87,0.15,360.5107769269545,383.0
0.87,0.2,348.7880320699165,373.0
0.87,0.25,323.81463296614845,348.0
0.87,0.3,331.0204854297496,357.0
0.87,0.35,313.4438382063636,339.0
0.87,0.4,339.69825702120704,368.0
0.87,0.45,331.0588811261824,359.0
0.87,0.5,335.51596247933344,364.0
0.87,0.55,313.55365111326404,340.0
0.87,0.6,319.36814767702475,346.0
0.87,0.65,335.75462344033656,363.0
0.87,0.7,330.9741868384696,357.0
0.87,0.75,335.0182884967491,360.0
0.87,0.8,340.39298581736807,364.0
0.87,0.85,345.4206106875226,366.0
0.87,0.9,340.0347738714273,358.0
0.87,0.92,0.9547527425683816,0.0
0.87,0.95,359.2509896399024,373.0
0.88,0.05,367.2635695429652,380.0
0.88,0.1,327.2378338372699,343.0
0.88,0.15,310.29706019238563,328.0
0.88,0.2,336.5561453910837,358.0
0.88,0.25,325.6632283120949,348.0
0.88,0.3,345.1109869549495,370.0
0.88,0.35,318.1672694311189,342.0
0.88,0.4,317.573419977312,342.0
0.88,0.45,337.6628561435232,364.0
0.88,0.5,328.3474570470445,354.0
0.88,0.55,346.9933645586056,374.0
0.88,0.57,0.927708720053231,0.0
0.88,0.6,335.26793197937167,361.0
0.88,0.65,313.52465559726653,337.0
0.88,0.7,356.3200572434106,382.0
0.88,0.75,301.348915397304,322.0
0.88,0.8,315.9319009505795,335.0
0.88,0.85,356.53663393589613,377.0
0.88,0.9,347.32074095875777,363.0
0.88,0.95,336.3003124550167,348.0
0.89,0.05,372.3784072839728,384.0
0.89,0.1,331.531046505073,346.0
0.89,0.15,355.56741908524583,374.0
0.89,0.2,350.6473890136592,371.0
0.89,0.25,351.90640717727905,374.0
0.89,0.3,340.52021694324145,363.0
0.89,0.35,321.9138359487607,344.0
0.89,0.4,334.4810789181941,358.0
0.89,0.45,352.9394223693564,378.0
0.89,0.5,339.7096715449204,364.0
0.89,0.55,319.3255742718314,342.0
0.89,0.6,379.45928692637045,406.0
0.89,0.65,321.04951460871456,343.0
0.89,0.7,319.89802969659746,341.0
0.89,0.75,351.0488104449905,373.0
0.89,0.8,370.4753229968871,392.0
0.89,0.85,329.8356489213917,347.0
0.89,0.9,328.64592873870095,343.0
0.89,0.95,328.75732560840737,339.0
0.9,0.05,320.0978597676388,329.0
0.9,0.1,322.4008401448264,335.0
0.9,0.15,346.8764879570417,363.0
0.9,0.2,370.6024642125124,390.0
0.9,0.25,330.28203762034246,349.0
0.9,0.3,351.04380834580047,372.0
0.9,0.35,349.31764477169264,371.0
0.9,0.4,351.6898882246281,374.0
0.9,0.45,325.0247650805307,346.0
0.9,0.5,325.8736921211081,347.0
0.9,0.55,304.3647145398393,324.0
0.9,0.6,329.0738685725355,350.0
0.9,0.65,330.5144776276467,351.0
0.9,0.7,347.26392614206947,368.0
0.9,0.75,334.12110265734844,353.0
0.9,0.8,337.3401881318893,355.0
0.9,0.85,363.985063710638,381.0
0.9,0.9,326.2396512933201,339.0
0.9,0.95,310.41599460408736,319.0
0.91,0.05,348.3801512396357,357.0
0.91,0.1,341.0752299719,353.0
0.91,0.15,364.8469528346375,380.0
0.91,0.2,319.9669944820416,335.0
0.91,0.25,335.97940522388103,353.0
0.91,0.3,344.54268196271096,363.0
0.91,0.35,337.2103905635651,356.0
0.91,0.37,0.9461564024624458,0.0
0.91,0.4,348.11256994237664,368.0
0.91,0.45,347.8356316605227,368.0
0.91,0.5,294.8337416061465,312.0
0.91,0.55,354.4290651548839,375.0
0.91,0.6,353.75472744848923,374.0
0.91,0.65,348.6278084870893,368.0
0.91,0.7,335.0826233274402,353.0
0.91,0.75,355.9840139167366,374.0
0.91,0.8,338.25241173504656,354.0
0.91,0.85,352.2339034198677,367.0
0.91,0.9,362.40701558124937,375.0
0.91,0.95,372.8905273131091,382.0
0.92,0.01,0.99257003205325,0.0
0.92,0.05,348.507668296178,356.0
0.92,0.1,340.64205914300976,351.0
0.92,0.15,366.4858778806709,380.0
0.92,0.19,0.9633875767931476,0.0
0.92,0.2,311.11878271218643,324.0
0.92,0.25,337.8784934774068,353.0
0.92,0.3,347.5791432054347,364.0
0.92,0.35,345.915034178013,362.0
0.92,0.4,368.33584321923786,387.0
0.92,0.45,328.15210910249465,345.0
0.92,0.5,352.7839743337247,371.0
0.92,0.55,321.5016991722216,338.0
0.92,0.6,355.9605718726134,374.0
0.92,0.65,338.3075341012556,355.0
0.92,0.7,355.1278969000443,372.0
0.92,0.75,336.8959621424424,352.0
0.92,0.8,357.2866406893175,372.0
0.92,0.85,373.2927497831146,387.0
0.92,0.9,323.1411521829333,333.0
0.92,0.95,359.24427019146333,367.0
0.93,0.05,357.47033910047645,364.0
0.93,0.1,300.1061934598251,308.0
0.93,0.15,332.4330457006272,343.0
0.93,0.2,348.49856229159826,361.0
0.93,0.25,338.7138121242602,352.0
0.93,0.3,311.1801490374123,324.0
0.93,0.35,344.1954853078355,359.0
0.93,0.4,308.3873609551051,322.0
0.93,0.45,387.5835033666904,405.0
0.93,0.5,307.1093419655808,321.0
0.93,0.55,324.4430104684876,339.0
0.93,0.6,328.4536168214234,343.0
0.93,0.65,360.4941633823266,376.0
0.93,0.7,354.37790607041154,369.0
0.93,0.75,314.6740523393368,327.0
0.93,0.8,328.190248854585,340.0
0.93,0.85,339.19125639815417,350.0
0.93,0.9,348.8441037027181,358.0
0.93,0.95,358.41022412941834,365.0
0.94,0.05,338.7987304734791,344.0
0.94,0.1,391.2849832831362,400.0
0.94,0.15,332.9625494449042,342.0
0.94,0.2,343.45813199274875,354.0
0.94,0.25,367.7698429799792,380.0
0.94,0.3,319.6993003019471,331.0
0.94,0.35,317.2716416700537,329.0
0.94,0.4,317.9984197198979,330.0
0.94,0.45,321.6641293907188,334.0
0.94,0.5,345.7063295692846,359.0
0.94,0.52,0.9634735488047548,0.0
0.94,0.55,342.8359662649524,356.0
0.94,0.6,312.202831390752,324.0
0.94,0.65,330.8052332238731,343.0
0.94,0.7,339.0569669578706,351.0
0.94,0.75,361.98825808962215,374.0
0.94,0.8,352.1705585972309,363.0
0.94,0.85,384.5535895445298,395.0
0.94,0.9,364.86964558332966,373.0
0.94,0.95,336.8343465568253,342.0
0.95,0.05,351.5539967492946,356.0
0.95,0.1,357.4518667705296,364.0
0.95,0.15,337.4390052054723,345.0
0.95,0.2,347.2173449233237,356.0
0.95,0.25,346.42961963814616,356.0
0.95,0.3,368.1835829453895,379.0
0.95,0.35,346.4513086072761,357.0
0.95,0.4,341.2740237368505,352.0
0.95,0.45,367.26046442136254,379.0
0.95,0.5,342.02405051579126,353.0
0.95,0.55,311.0772378980751,321.0
0.95,0.6,365.48504997691936,377.0
0.95,0.65,322.1605378262216,332.0
0.95,0.7,354.6187541016324,365.0
0.95,0.75,395.1580681319222,406.0
0.95,0.8,318.95934720099973,327.0
0.95,0.85,356.023114864004,364.0
0.95,0.9,334.86706433628007,341.0
0.95,0.95,359.50390508369605,364.0
0.96,0.05,332.75223952799644,336.0
0.96,0.1,389.3483115259008,395.0
0.96,0.15,347.83787973495805,354.0
0.96,0.2,364.6739330988855,372.0
0.96,0.23,0.978664318628488,0.0
0.96,0.25,353.2612608702002,361.0
0.96,0.3,338.123563571287,346.0
0.96,0.35,368.0136428445541,377.0
0.96,0.4,318.0111949839179,326.0
0.96,0.45,341.32410296963286,350.0
0.96,0.5,375.41943582883033,385.0
0.96,0.54,0.9749724342844968,0.0
0.96,0.55,351.9846382729374,361.0
0.96,0.6,324.86593796633184,333.0
0.96,0.65,358.26248669450297,367.0
0.96,0.7,338.1429998141116,346.0
0.96,0.75,368.9192287662872,377.0
0.96,0.8,346.0532435131149,353.0
0.96,0.85,336.08480016312217,342.0
0.96,0.88,0.9836663825757576,0.0
0.96,0.9,371.6092121153504,377.0
0.96,0.95,380.2731163397076,383.0
0.97,0.05,366.3468498677205,369.0
0.97,0.1,368.0164630093624,371.0
0.97,0.15,338.542821796171,343.0
0.97,0.2,356.62142769137745,362.0
0.97,0.24,0.9823271780322802,0.0
0.97,0.25,358.09818186896155,364.0
0.97,0.3,344.00209051949275,350.0
0.97,0.35,356.52066965694576,363.0
0.97,0.4,350.4395453686919,357.0
0.97,0.45,323.83111491311223,330.0
0.97,0.5,319.90417791114123,326.0
0.97,0.55,314.0245228988049,320.0
0.97,0.6,347.46229023268603,354.0
0.97,0.65,358.4642817135511,365.0
0.97,0.7,379.39675903370494,386.0
0.97,0.75,347.3072583079395,353.0
0.97,0.8,357.6206589227124,363.0
0.97,0.85,353.37403026511885,358.0
0.97,0.9,340.3667134730599,344.0
0.97,0.95,351.47707387426624,354.0
0.98,0.05,354.34717879942593,356.0
0.98,0.1,356.49100205017464,359.0
0.98,0.15,377.6974635431058,381.0
0.98,0.2,321.805723615338,325.0
0.98,0.25,343.2500588425385,347.0
0.98,0.3,313.3500844516419,317.0
0.98,0.35,325.07007963722003,329.0
0.98,0.4,351.5928689580444,356.0
0.98,0.45,315.9824935584262,320.0
0.98,0.5,334.74868413850373,339.0
0.98,0.55,360.40759047034055,365.0
0.98,0.6,373.3520660709268,378.0
0.98,0.65,363.6048745243979,368.0
0.98,0.7,337.09422426465443,341.0
0.98,0.75,348.21130937529773,352.0
0.98,0.8,349.52716286312767,353.0
0.98,0.85,377.7457059270828,381.0
0.98,0.9,359.475949731527,362.0
0.98,0.95,361.2928034913753,363.0
0.99,0.05,378.1324054933242,379.0
0.99,0.1,334.8361792715671,336.0
0.99,0.15,347.50109107035416,349.0
0.99,0.2,341.328447869462,343.0
0.99,0.25,339.16004750394603,341.0
0.99,0.3,357.9362954561801,360.0
0.99,0.35,331.0052896411848,333.0
0.99,0.4,338.8966062565222,341.0
0.99,0.45,361.7141519969478,364.0
0.99,0.5,369.65186050746274,372.0
0.99,0.55,315.9947380417396,318.0
0.99,0.6,362.73441037693647,365.0
0.99,0.65,319.07959702550227,321.0
0.99,0.7,365.8929419392297,368.0
0.99,0.75,369.9950502417848,372.0
0.99,0.8,358.2382764215006,360.0
0.99,0.85,367.4080575727848,369.0
0.99,0.9,384.67923191290015,386.0
0.99,0.95,393.1055488261897,394.0
