pearson_r,prediction_negative_proportion,prediction_positive_proportion,target_negative_proportion,target_positive_proportion,accuracy,balanced_accuracy,f1_macro,f1_micro,f1_weighted,precision_macro,precision_micro,precision_weighted,recall_macro,recall_micro,recall_weighted,estimate__count__
0.01,0.32,0.05,0.27,0.18,151.80210000000002,114.85720093509428,110.17586593635744,151.80210000000002,143.0046596852687,115.35869548649508,151.80210000000002,140.37136517460812,114.85720093509428,151.80210000000002,151.80210000000002,342.0
0.01,0.33,0.04,0.27,0.18,148.40439999999998,112.03799887243228,106.4590909788238,148.40439999999998,139.10285754191128,112.40937594764068,148.40439999999998,136.89868946038752,112.03799887243228,148.40439999999998,148.40439999999998,334.0
0.01,0.39,0.05,0.27,0.18,150.20899999999995,118.83415075629816,113.20673558543284,150.20899999999995,144.2370111428965,119.17241722971843,150.20899999999995,145.24227295416526,118.83415075629816,150.20899999999995,150.20899999999995,354.0
0.02,0.32,0.05,0.27,0.18,155.36739999999998,117.75287718268773,112.99910664725353,155.36739999999998,146.39424126854288,118.4793091502525,155.36739999999998,143.80909291720872,117.75287718268773,155.36739999999998,155.36739999999998,349.0
0.02,0.33,0.04,0.27,0.18,143.42449999999997,108.54912490248373,103.18940920110816,143.42449999999997,134.4439883558998,109.3309694642509,143.42449999999997,132.53623280180187,108.54912490248373,143.42449999999997,143.42449999999997,322.0
0.02,0.39,0.05,0.27,0.18,142.7079,113.20143075947364,107.8493839464962,142.7079,136.99653771836628,113.8132678788848,142.7079,138.09559089970372,113.20143075947364,142.7079,142.7079,335.0
0.03,0.32,0.05,0.27,0.18,166.2699,126.42325498713076,121.46064102658686,166.2699,156.76751439125545,127.78231631784526,166.2699,154.26189588015055,126.42325498713076,166.2699,166.2699,372.0
0.03,0.33,0.04,0.27,0.18,160.2454,121.50507654098948,115.6262858570318,160.2454,150.2948650652585,122.70961282067826,160.2454,148.27506181748757,121.50507654098948,160.2454,160.2454,358.0
0.03,0.39,0.05,0.27,0.18,155.86799999999997,123.96322354661773,118.17690423443928,155.86799999999997,149.58361136496714,124.95600725077138,155.86799999999997,150.8533316527236,123.96322354661773,155.86799999999997,155.86799999999997,365.0
0.04,0.32,0.05,0.27,0.18,134.69660000000002,102.57690373014847,98.61018652705496,134.69660000000002,127.07538969520088,103.75874668045518,134.69660000000002,125.08700383016604,102.57690373014847,134.69660000000002,134.69660000000002,300.0
0.04,0.33,0.04,0.27,0.18,150.6861,114.54368013824352,109.05144735071056,150.6861,141.3570672086789,116.2586849038124,150.6861,139.7707050802104,114.54368013824352,150.6861,150.6861,335.0
0.04,0.39,0.05,0.27,0.18,143.52539999999996,114.36755800055856,109.0230485384786,143.52539999999996,137.77986507694283,115.41369835726648,143.52539999999996,139.0758744072776,114.36755800055856,143.52539999999996,143.52539999999996,334.0
0.05,0.32,0.05,0.27,0.18,160.7232,122.79030132656278,118.11733170307072,160.7232,151.6200031145192,124.766365448508,160.7232,149.51031752694985,122.79030132656278,160.7232,160.7232,357.0
0.05,0.33,0.04,0.27,0.18,140.86779999999996,107.2742025044689,102.22167331400422,140.86779999999996,132.20374725491016,109.25312721781128,140.86779999999996,130.88008073227658,107.2742025044689,140.86779999999996,140.86779999999996,312.0
0.05,0.39,0.05,0.27,0.18,142.2974,113.68726449495438,108.4479011971435,142.2974,136.63449189678735,115.22718837882005,142.2974,138.17064934892926,113.68726449495438,142.2974,142.2974,330.0
0.06,0.32,0.05,0.27,0.18,156.6007,119.97936867493624,115.54725800113498,156.6007,147.81274943903583,122.4300109954626,156.6007,145.99352270741025,119.97936867493624,156.6007,156.6007,346.0
0.06,0.33,0.04,0.27,0.18,150.26109999999997,114.68887070744138,109.34145436271945,150.26109999999997,141.02763639672844,117.057484201425,150.26109999999997,139.71981778059188,114.68887070744138,150.26109999999997,150.26109999999997,332.0
0.06,0.39,0.05,0.27,0.18,148.35270000000003,118.83561007345116,113.39241426490076,148.35270000000003,142.43930567862893,120.6142899816829,148.35270000000003,144.1121889521952,118.83561007345116,148.35270000000003,148.35270000000003,343.0
0.07,0.32,0.05,0.27,0.18,132.01999999999998,101.33108757666751,97.60508380427302,132.01999999999998,124.60083951461311,103.549867447319,132.01999999999998,123.13505051459067,101.33108757666751,132.01999999999998,132.01999999999998,291.0
0.07,0.33,0.04,0.27,0.18,159.11829999999998,121.8102621133286,116.25412715935153,159.11829999999998,149.44963904037633,124.95642306139985,159.11829999999998,148.40005878513838,121.8102621133286,159.11829999999998,159.11829999999998,350.0
0.07,0.39,0.05,0.27,0.18,132.24169999999998,106.102797128332,101.30158900993604,132.24169999999998,126.98206401283748,107.90582581363309,132.24169999999998,128.54005963982266,106.102797128332,132.24169999999998,132.24169999999998,304.0
0.08,0.32,0.05,0.27,0.18,162.30499999999998,124.84516090777512,120.35879551762017,162.30499999999998,153.2894625657525,128.00780152597318,162.30499999999998,151.69608274693417,124.84516090777512,162.30499999999998,162.30499999999998,356.0
0.08,0.33,0.04,0.27,0.18,146.44330000000002,112.38696835694188,107.30494940644267,146.44330000000002,137.54103422738882,115.7130588488938,146.44330000000002,136.7869948259506,112.38696835694188,146.44330000000002,146.44330000000002,321.0
0.08,0.39,0.05,0.27,0.18,157.75820000000002,126.84951515312336,121.1484200096832,157.75820000000002,151.46825940711238,129.4350114917413,157.75820000000002,153.52334483997163,126.84951515312336,157.75820000000002,157.75820000000002,361.0
0.09,0.32,0.05,0.27,0.18,163.43580000000003,125.92576703325194,121.55092233860564,163.43580000000003,154.4530633720411,129.59549526213098,163.43580000000003,153.0353184309565,125.92576703325194,163.43580000000003,163.43580000000003,357.0
0.09,0.33,0.04,0.27,0.18,165.96330000000003,127.57728701124648,121.9087149039092,165.96330000000003,155.90661489366545,131.70006534747313,165.96330000000003,155.15622846128878,127.57728701124648,165.96330000000003,165.96330000000003,362.0
0.09,0.39,0.05,0.27,0.18,142.3715,114.8279695660921,109.68590355041678,142.3715,136.70203852995058,117.47357252359694,142.3715,138.7529551275892,114.8279695660921,142.3715,142.3715,325.0
0.1,0.32,0.05,0.27,0.18,145.18720000000002,112.26799078212176,108.3893317331944,145.18720000000002,137.18164573574072,115.83842767982593,145.18720000000002,136.08218375678922,112.26799078212176,145.18720000000002,145.18720000000002,316.0
0.1,0.33,0.04,0.27,0.18,186.4067,143.58875102727862,137.229611936214,186.4067,175.1627189498618,148.4799181599931,186.4067,174.50645900859976,143.58875102727862,186.4067,186.4067,405.0
0.1,0.39,0.05,0.27,0.18,158.01090000000005,127.7000576301996,122.01136601518816,158.01090000000005,151.72671541871884,130.96669287087389,158.01090000000005,154.1686567582171,127.7000576301996,158.01090000000005,158.01090000000005,359.0
0.11,0.32,0.05,0.27,0.18,169.753,131.44633324433622,127.02111220715248,169.753,160.46824527388256,136.12816717249066,169.753,159.40326212138817,131.44633324433622,169.753,169.753,368.0
0.11,0.33,0.04,0.27,0.18,155.2507,119.85329969537614,114.72924478288296,155.2507,145.987993180005,124.806899811894,155.2507,145.82226709916864,119.85329969537614,155.2507,155.2507,336.0
0.11,0.39,0.05,0.27,0.18,155.7109,126.0918711698111,120.54023633089176,155.7109,149.48516242265987,129.59998290054514,155.7109,151.95542395190407,126.0918711698111,155.7109,155.7109,352.0
0.12,0.32,0.05,0.27,0.18,160.07070000000004,124.33252525832238,120.24585081850476,160.07070000000004,151.3545618013633,129.23521895764378,160.07070000000004,150.56559691238377,124.33252525832238,160.07070000000004,160.07070000000004,346.0
0.12,0.33,0.04,0.27,0.18,171.74579999999995,132.86982997215952,127.23019359508952,171.74579999999995,161.53464011602884,138.65220910799647,171.74579999999995,161.5177557764985,132.86982997215952,171.74579999999995,171.74579999999995,370.0
0.12,0.39,0.05,0.27,0.18,156.42,127.10322559646347,121.59679995670872,156.42,150.20926984744966,131.14335151559305,156.42,152.95054731332456,127.10322559646347,156.42,156.42,352.0
0.13,0.32,0.05,0.27,0.18,158.43790000000004,123.29076010113104,119.34442782232158,158.43790000000004,149.88421999013713,128.5080461797871,158.43790000000004,149.26068428671954,123.29076010113104,158.43790000000004,158.43790000000004,341.0
0.13,0.33,0.04,0.27,0.18,149.0826,115.6139172592531,110.80494092984328,149.0826,140.24726439600556,121.0245590643338,149.0826,140.38140058639777,115.6139172592531,149.0826,149.0826,320.0
0.13,0.39,0.05,0.27,0.18,173.17440000000002,140.89683745212977,134.78205440132626,173.17440000000002,166.26944909952755,145.55956948791754,173.17440000000002,169.39613475616048,140.89683745212977,173.17440000000002,173.17440000000002,388.0
0.14,0.32,0.05,0.27,0.18,166.15529999999998,129.7033558911351,125.62234878384308,166.15529999999998,157.24778747551753,135.54756218390983,166.15529999999998,156.79660104779006,129.7033558911351,166.15529999999998,166.15529999999998,356.0
0.14,0.33,0.04,0.27,0.18,152.88920000000002,118.83070165290518,113.9532707767112,152.88920000000002,143.87636946480535,124.95703048565406,152.88920000000002,144.3167894619428,118.83070165290518,152.88920000000002,152.88920000000002,327.0
0.14,0.39,0.05,0.27,0.18,145.2694,118.39862263935822,113.33300204466322,145.2694,139.5127021577797,122.5992287588487,145.2694,142.250724413067,118.39862263935822,145.2694,145.2694,324.0
0.15,0.32,0.05,0.27,0.18,163.3622,127.7310300441948,123.77252849589492,163.3622,154.61999775026612,133.84288796972456,163.3622,154.33016378538596,127.7310300441948,163.3622,163.3622,348.0
0.15,0.33,0.04,0.27,0.18,166.5926,129.85171273587417,124.59129672517108,166.5926,156.8177953242138,136.92722157078575,166.5926,157.52042989342857,129.85171273587417,166.5926,166.5926,355.0
0.15,0.39,0.05,0.27,0.18,153.12500000000003,125.0777464501272,119.81716338192987,153.12500000000003,147.06539490032503,129.96688763011022,153.12500000000003,150.13239723343003,125.0777464501272,153.12500000000003,153.12500000000003,340.0
0.16,0.32,0.05,0.27,0.18,167.95780000000002,131.6650084074276,127.73155571417016,167.95780000000002,159.06512191575987,138.61419110815385,167.95780000000002,159.0805247296239,131.6650084074276,167.95780000000002,167.95780000000002,357.0
0.16,0.33,0.04,0.27,0.18,149.2196,116.46181703669843,111.88368493475974,149.2196,140.5243987013419,123.38094168106944,149.2196,141.35456903410133,116.46181703669843,149.2196,149.2196,316.0
0.16,0.39,0.05,0.27,0.18,151.99680000000004,124.5286609828372,119.3020923178778,151.99680000000004,145.96459789888533,129.75203433245696,151.99680000000004,149.21939638835855,124.5286609828372,151.99680000000004,151.99680000000004,336.0
0.17,0.32,0.05,0.27,0.18,153.23560000000003,120.39080663272544,116.8894163768681,153.23560000000003,145.16385291194615,127.0641838980942,153.23560000000003,145.30270998961817,120.39080663272544,153.23560000000003,153.23560000000003,324.0
0.17,0.33,0.04,0.27,0.18,162.85819999999998,127.50536433519214,122.54973444683718,162.85819999999998,153.39058334804704,135.58450026586985,162.85819999999998,154.58423670857175,127.50536433519214,162.85819999999998,162.85819999999998,344.0
0.17,0.39,0.05,0.27,0.18,169.89579999999998,139.4485747002567,133.6681893763352,169.89579999999998,163.19096092472978,145.60536313708505,169.89579999999998,166.96010893485945,139.4485747002567,169.89579999999998,169.89579999999998,374.0
0.18,0.32,0.05,0.27,0.18,162.0005999999999,127.49918333718564,123.82952132769,162.0005999999999,153.51266691525072,134.72778045083024,162.0005999999999,153.75140073179884,127.49918333718564,162.0005999999999,162.0005999999999,341.0
0.18,0.33,0.04,0.27,0.18,152.2726,119.42874367437412,114.80704196871118,152.2726,143.45646804127207,127.2031049879905,152.2726,144.71939943694588,119.42874367437412,152.2726,152.2726,320.0
0.18,0.39,0.05,0.27,0.18,139.7891,115.0478265605068,110.31398182099716,139.7891,134.26824716849097,120.39323491329148,139.7891,137.5118621005819,115.0478265605068,139.7891,139.7891,306.0
0.19,0.32,0.05,0.27,0.18,170.2849,134.4134673126907,130.74342190403902,170.2849,161.4684968966703,142.88087460869116,170.2849,162.09736063112655,134.4134673126907,170.2849,170.2849,357.0
0.19,0.33,0.04,0.27,0.18,156.1085,122.64611178151478,118.0685142154629,156.1085,147.17334057590455,131.31595317668484,156.1085,148.74902336366577,122.64611178151478,156.1085,156.1085,327.0
0.19,0.39,0.05,0.27,0.18,155.47899999999996,128.20754119349533,123.01301825699063,155.47899999999996,149.39494118813042,134.75909988145932,155.47899999999996,153.30853670697567,128.20754119349533,155.47899999999996,155.47899999999996,339.0
0.2,0.32,0.05,0.27,0.18,159.5178,126.2118204301644,122.8336358348328,159.5178,151.3183223473026,134.44100805030257,159.5178,152.0557314843134,126.2118204301644,159.5178,159.5178,333.0
0.2,0.33,0.04,0.27,0.18,169.7328,133.7160970905645,128.78389621562812,169.7328,160.0330786667009,143.93425173640702,169.7328,162.17279731859142,133.7160970905645,169.7328,169.7328,354.0
0.2,0.39,0.05,0.27,0.18,153.40919999999997,126.81510168065702,121.75102526180798,153.40919999999997,147.40817058430966,133.55782536158063,153.40919999999997,151.36378156838884,126.81510168065702,153.40919999999997,153.40919999999997,333.0
0.21,0.32,0.05,0.27,0.18,171.80859999999996,136.18094051794043,132.59686545101792,171.80859999999996,163.0009624366702,145.42533498737222,171.80859999999996,163.97100219620285,136.18094051794043,171.80859999999996,171.80859999999996,357.0
0.21,0.33,0.04,0.27,0.18,162.81010000000006,128.5170487289778,123.91863377589556,162.81010000000006,153.55911161243446,138.57871597555243,162.81010000000006,155.64620852339382,128.5170487289778,162.81010000000006,162.81010000000006,338.0
0.21,0.39,0.05,0.27,0.18,150.90299999999996,124.90567515139752,119.96234942088016,150.90299999999996,145.02105790893083,131.74365211501745,150.90299999999996,148.9871065160119,124.90567515139752,150.90299999999996,150.90299999999996,326.0
0.22,0.32,0.05,0.27,0.18,146.89310000000003,116.6819022729564,113.71257011284835,146.89310000000003,139.43194607270175,125.01060618857458,146.89310000000003,140.45784951951316,116.6819022729564,146.89310000000003,146.89310000000003,304.0
0.22,0.33,0.04,0.27,0.18,167.73629999999997,132.70257261736856,127.9543416463261,167.73629999999997,158.26666992220066,143.45074956442187,167.73629999999997,160.6957020995289,132.70257261736856,167.73629999999997,167.73629999999997,347.0
0.22,0.39,0.05,0.27,0.18,162.86,135.1253017743268,129.80432877953285,162.86,156.49095858744158,143.01826439484444,162.86,161.03542998728753,135.1253017743268,162.86,162.86,350.0
0.23,0.32,0.05,0.27,0.18,155.5383,123.84921583335633,120.79261972191226,155.5383,147.6825445554002,133.2121868265365,155.5383,149.00424296918436,123.84921583335633,155.5383,155.5383,320.0
0.23,0.33,0.04,0.27,0.18,171.55820000000003,135.989787663321,131.2879025406093,171.55820000000003,161.92554077188086,147.65717496792888,171.55820000000003,164.65836945493592,135.989787663321,171.55820000000003,171.55820000000003,353.0
0.23,0.39,0.05,0.27,0.18,157.6079,131.11582078676452,126.04519022127556,157.6079,151.43837065531395,139.15472801216472,157.6079,155.9791812198583,131.11582078676452,157.6079,157.6079,337.0
0.24,0.32,0.05,0.27,0.18,169.79209999999998,135.4545586324756,132.23283791559888,169.79209999999998,161.25455219344624,145.99758448656723,169.79209999999998,162.79435761816038,135.4545586324756,169.79209999999998,169.79209999999998,348.0
0.24,0.33,0.04,0.27,0.18,163.9804,130.19416405189102,125.72587450197972,163.9804,154.78300180724716,141.7278100067507,163.9804,157.58563384623145,130.19416405189102,163.9804,163.9804,336.0
0.24,0.39,0.05,0.27,0.18,166.3868,138.61075407984637,133.27520845774396,166.3868,159.83921184311518,147.39635664984135,166.3868,164.73418476458525,138.61075407984637,166.3868,166.3868,354.0
0.25,0.32,0.05,0.27,0.18,165.88330000000002,132.6615964519682,129.5606020394359,165.88330000000005,157.6043075548721,143.37240685113878,165.88330000000002,159.33896182851663,132.6615964519682,165.88330000000002,165.88330000000002,339.0
0.25,0.33,0.04,0.27,0.18,154.8773,123.23710179600768,119.11447358198323,154.8773,146.27102726680863,134.65675808976985,154.8773,149.1619778157571,123.23710179600768,154.8773,154.8773,316.0
0.25,0.39,0.05,0.27,0.18,148.3154,123.8199874042974,119.18536156348831,148.3154,142.60144039636677,132.02948348679666,148.3154,147.1441908064075,123.8199874042974,148.3154,148.3154,314.0
0.26,0.32,0.05,0.27,0.18,172.3213,138.0869620903942,134.96665957992334,172.3213,163.75670495047785,149.7854954938325,172.3213,165.80888393378828,138.0869620903942,172.3213,172.3213,350.0
0.26,0.33,0.04,0.27,0.18,163.38850000000002,130.23915208213157,125.98379947399644,163.38850000000002,154.35385220722827,142.79630658164655,163.38850000000002,157.6236131699263,130.23915208213157,163.38850000000002,163.38850000000002,332.0
0.26,0.39,0.05,0.27,0.18,174.5106,145.9802265279827,140.5063692661395,174.5106,167.7116555892166,156.05973914747867,174.5106,173.2608445202626,145.9802265279827,174.5106,174.5106,368.0
0.27,0.32,0.05,0.27,0.18,174.67399999999998,140.2802523016822,137.25681965394855,174.67399999999998,166.13713691041818,152.65675082556524,174.67399999999998,168.44404092500915,140.2802523016822,174.67399999999998,174.67399999999998,353.0
0.27,0.33,0.04,0.27,0.18,167.2025,133.66842910477197,129.3668466641135,167.2025,158.0213071957379,147.16668811755093,167.2025,161.73646120920503,133.66842910477197,167.2025,167.2025,338.0
0.27,0.39,0.05,0.27,0.18,154.78340000000003,129.7604074144881,124.9407342487385,154.78340000000003,148.78223948593677,139.05335576740006,154.78340000000003,153.88678823898218,129.7604074144881,154.78340000000003,154.78340000000003,325.0
0.28,0.32,0.05,0.27,0.18,171.7896,138.17685530399245,135.26270795134758,171.7896,163.38214730171134,150.76923585486534,171.7896,165.8375575797969,138.17685530399245,171.7896,171.7896,346.0
0.28,0.33,0.04,0.27,0.18,150.5964,120.64212996698132,116.85910823269272,150.5964,142.3566479931964,133.30599578613922,150.5964,145.92014925120307,120.64212996698132,150.5964,150.5964,303.0
0.28,0.39,0.05,0.27,0.18,169.98369999999997,142.7150371864901,137.495603190234,169.98369999999997,163.44641932470017,153.34718315360593,169.98369999999997,169.24290111983208,142.7150371864901,169.98369999999997,169.98369999999997,355.0
0.29,0.32,0.05,0.27,0.18,184.6121,148.90037573239692,145.84533092411928,184.6121,175.61450198156223,162.97585674450585,184.6121,178.52343222515142,148.90037573239692,184.6121,184.6121,370.0
0.29,0.33,0.04,0.27,0.18,154.1542,123.62113181654853,119.7970788188026,154.1542,145.78440686255252,136.7964674682649,154.1542,149.52544073841804,123.62113181654853,154.1542,154.1542,309.0
0.29,0.39,0.05,0.27,0.18,169.85989999999995,142.88427819190736,137.74040734050175,169.85989999999995,163.34990262034694,153.8898624808468,169.85989999999995,169.29479067272888,142.88427819190736,169.85989999999995,169.85989999999995,353.0
0.3,0.32,0.05,0.27,0.18,155.99750000000003,126.09669354685204,123.60417265413564,155.99750000000003,148.48879888590852,138.41545889862277,155.99750000000003,151.1684700581451,126.09669354685204,155.99750000000003,155.99750000000003,311.0
0.3,0.33,0.04,0.27,0.18,190.5747,153.25340155252633,148.6480062783098,190.5747,180.2821590675057,170.34294300149853,190.5747,185.3105061239937,153.25340155252633,190.5747,190.5747,380.0
0.3,0.39,0.05,0.27,0.18,159.96439999999998,134.77635808639172,129.99902020407845,159.96439999999998,153.82658707581857,145.6509738703211,159.96439999999998,159.62629314884924,134.77635808639172,159.96439999999998,159.96439999999998,331.0
0.31,0.32,0.05,0.27,0.18,166.84480000000002,135.05800665032913,132.51621420663753,166.84480000000002,158.86506594462062,148.76834093903977,166.84480000000002,161.92536117569242,135.05800665032913,166.84480000000002,166.84480000000002,331.0
0.31,0.33,0.04,0.27,0.18,158.15300000000002,127.3953016336592,123.68500714186956,158.15300000000002,149.65763502479732,142.1369550561604,158.15300000000002,154.05447337767424,127.3953016336592,158.15300000000002,158.15300000000002,314.0
0.31,0.39,0.05,0.27,0.18,165.5807,139.91546260507494,135.0241725024331,165.5807,159.28470728678104,151.6928244608835,165.5807,165.59205920518906,139.91546260507494,165.5807,165.5807,341.0
0.32,0.32,0.05,0.27,0.18,169.26080000000005,137.2644915280026,134.74920236687268,169.26080000000005,161.20397334875986,151.37176844790977,169.26080000000005,164.38080504703757,137.2644915280026,169.26080000000005,169.26080000000005,334.0
0.32,0.33,0.04,0.27,0.18,171.4194,138.254512428134,134.29646143104182,171.4194,162.25437164897957,154.45639984425264,171.4194,167.07700440389476,138.254512428134,171.4194,171.4194,339.0
0.32,0.39,0.05,0.27,0.18,159.14110000000002,134.70773147171795,130.06321743710092,159.14110000000002,153.0772293495874,146.27209358859966,159.14110000000002,159.1989849851997,134.70773147171795,159.14110000000002,159.14110000000002,326.0
0.33,0.32,0.05,0.27,0.18,183.0597,148.81684651025728,146.1878819240491,183.0597,174.40163008257858,164.80141929570638,183.0597,178.20254140467148,148.81684651025728,183.0597,183.0597,360.0
0.33,0.33,0.04,0.27,0.18,161.1402,130.40743050282137,126.7904709748054,161.1402,152.60972951213168,146.59130774750795,161.1402,157.6606769575217,130.40743050282137,161.1402,161.1402,317.0
0.33,0.39,0.05,0.27,0.18,158.54029999999997,134.36421640372902,129.805415523821,158.5403,152.54120328803936,146.05297243772424,158.54029999999997,158.6839257563376,134.36421640372902,158.54029999999997,158.54029999999997,323.0
0.34,0.32,0.05,0.27,0.18,173.49969999999996,141.26594727769503,138.92129770847455,173.49969999999996,165.4188822750285,156.8075367173659,173.49969999999996,169.1449716655271,141.26594727769503,173.49969999999996,173.49969999999996,339.0
0.34,0.33,0.04,0.27,0.18,170.52469999999997,138.2006820701781,134.4475045593021,170.52469999999997,161.54187736988305,155.64146112989155,170.52469999999997,167.02073616020914,138.2006820701781,170.52469999999997,170.52469999999997,334.0
0.34,0.39,0.05,0.27,0.18,157.46999999999997,133.71441119998488,129.26269126230372,157.46999999999997,151.51509570180235,145.86705252417767,157.46999999999997,157.82779834306635,133.71441119998488,157.46999999999997,157.46999999999997,319.0
0.35,0.32,0.05,0.27,0.18,163.1025,133.13144208574758,131.008019027714,163.1025,155.56225012537396,148.2765178327341,163.1025,159.3420649886527,133.13144208574758,163.1025,163.1025,317.0
0.35,0.33,0.04,0.27,0.18,171.4041,139.04808674320677,135.33284506599728,171.4041,162.37081274538184,157.09859499935624,171.4041,168.09059382739838,139.04808674320677,171.4041,171.4041,334.0
0.35,0.39,0.05,0.27,0.18,168.05250000000004,143.04520506744907,138.28955018587342,168.05250000000004,161.78080380512404,156.40767241007893,168.05250000000004,168.8409127872111,143.04520506744907,168.05250000000004,168.05250000000004,339.0
0.36,0.32,0.05,0.27,0.18,161.2231,131.84552029319983,129.85125485641663,161.2231,153.83702175648182,147.1078845783399,161.2231,157.68326879267218,131.84552029319983,161.2231,161.2231,312.0
0.36,0.33,0.04,0.27,0.18,173.67970000000005,141.23555609902206,137.59227738638555,173.67970000000005,164.59392505346838,160.22381493067564,173.67970000000005,170.7210232227493,141.23555609902206,173.67970000000005,173.67970000000005,337.0
0.36,0.39,0.05,0.27,0.18,160.3011,136.76637566535416,132.29642867934135,160.3011,154.27295481171507,150.12226342099365,160.3011,161.25802729053595,136.76637566535416,160.3011,160.3011,322.0
0.37,0.32,0.05,0.27,0.18,160.7523,131.78199269790514,129.83633047130257,160.7523,153.3897567265673,147.6915887101325,160.7523,157.58655404265454,131.78199269790514,160.7523,160.7523,310.0
0.37,0.33,0.04,0.27,0.18,159.1747,129.60015186994576,126.30583498977414,159.1747,150.9164665822856,147.24807930523264,159.1747,156.64054434203396,129.60015186994576,159.1747,159.1747,307.0
0.37,0.39,0.05,0.27,0.18,169.31329999999997,144.5784162794838,139.9874841339396,169.31329999999997,163.01305904336445,158.9912087874443,169.31329999999997,170.43295730753152,144.5784162794838,169.31329999999997,169.31329999999997,338.0
0.38,0.32,0.05,0.27,0.18,174.82779999999997,143.5464109955502,141.61146552655407,174.82779999999997,166.96102158288218,161.3789658137299,174.82779999999997,171.71040123227414,143.5464109955502,174.82779999999997,174.82779999999997,335.0
0.38,0.33,0.04,0.27,0.18,152.0923,124.10152707126484,121.05340787914278,152.0923,144.24973425607317,141.71328436845988,152.0923,150.0851090706739,124.10152707126484,152.0923,152.0923,292.0
0.38,0.39,0.05,0.27,0.18,170.1522,145.6379394280867,141.04021141167271,170.1522,163.82075959579856,160.52494787461262,170.1522,171.50397682690803,145.6379394280867,170.1522,170.1522,338.0
0.39,0.32,0.05,0.27,0.18,186.0404,153.1984879028335,151.1695559808747,186.0404,177.6629205156884,172.46850173831746,186.0404,182.90318998484173,153.1984879028335,186.0404,186.0404,355.0
0.39,0.33,0.04,0.27,0.18,174.7865,142.8992097023904,139.50189150294307,174.7865,165.83488521412514,163.61645700740976,174.7865,172.72699738344335,142.8992097023904,174.7865,174.7865,334.0
0.39,0.39,0.05,0.27,0.18,161.326,138.27399221310986,133.9451575099144,161.326,155.33464006313875,152.73664090782876,161.326,162.78745066984092,138.27399221310986,161.326,161.326,319.0
0.4,0.32,0.05,0.27,0.18,188.1779,155.138025921593,153.26003825033612,188.1779,179.84193017340027,175.18190289165,188.1779,185.32195524367864,155.138025921593,188.1779,188.1779,357.0
0.4,0.33,0.04,0.27,0.18,182.4415,149.37732999198906,145.92151293566957,182.4415,173.16259397266788,171.4506475517808,182.4415,180.5474949757773,149.37732999198906,182.4415,182.44150000000005,347.0
0.4,0.39,0.05,0.27,0.18,168.21820000000002,144.37181344009127,139.96120103033388,168.21820000000002,162.0266868067634,159.73731621991382,168.21820000000002,169.87539152247567,144.37181344009127,168.21820000000002,168.21820000000002,331.0
0.41,0.32,0.05,0.27,0.18,180.0556,148.7312556842474,146.97421154024724,180.0556,172.0493949662436,168.45391925488144,180.0556,177.5696204738806,148.7312556842474,180.0556,180.0556,340.0
0.41,0.33,0.04,0.27,0.18,184.9846,151.83758598214027,148.43532589860976,184.9846,175.62918646352847,174.9010194989809,184.9846,183.4768502721228,151.83758598214027,184.9846,184.9846,350.0
0.41,0.39,0.05,0.27,0.18,167.7114,144.22774708513165,139.86046134733846,167.7114,161.51278723211794,160.14773500882794,167.7114,169.63500968645556,144.22774708513165,167.7114,167.7114,328.0
0.42,0.32,0.05,0.27,0.18,181.6473000000001,150.2969990301827,148.5889336890977,181.6473000000001,173.67672143768206,170.49768327871496,181.6473000000001,179.4104930830472,150.2969990301827,181.6473000000001,181.6473000000001,341.0
0.42,0.33,0.04,0.27,0.18,172.77020000000002,142.08607018837017,139.0084992427817,172.77020000000002,164.07391111108285,164.38556884021813,172.77020000000002,171.7558795931131,142.08607018837017,172.77020000000002,172.77020000000002,325.0
0.42,0.39,0.05,0.27,0.18,169.61390000000006,146.18903872214918,141.83849246448315,169.61390000000006,163.40503942181095,162.68983116096672,169.61390000000006,171.83501596935682,146.18903872214918,169.61390000000006,169.61390000000006,330.0
0.43,0.32,0.05,0.27,0.18,168.22709999999998,139.5234027604677,138.11852587610193,168.22709999999998,160.94048933646607,158.8506310642201,168.22709999999998,166.4884159173865,139.5234027604677,168.22709999999998,168.22709999999998,314.0
0.43,0.33,0.04,0.27,0.18,168.78849999999997,139.05000910613185,136.0914432111293,168.78849999999997,160.33987163202568,161.016877981979,168.78849999999997,167.93611925150594,139.05000910613185,168.78849999999997,168.78849999999997,316.0
0.43,0.39,0.05,0.27,0.18,175.25129999999996,151.26418005161537,146.89862346828968,175.25129999999996,168.8782444432648,168.76776835226968,175.25129999999996,177.7178615524294,151.26418005161537,175.25129999999996,175.2513,339.0
0.44,0.32,0.05,0.27,0.18,191.7843,159.19917652785443,157.67712919086375,191.7843,183.50564767295864,181.7038196264889,191.7843,190.01498864134115,159.19917652785443,191.7843,191.7843,356.0
0.44,0.33,0.04,0.27,0.18,178.2092,146.99650591642325,144.0021384990617,178.2092,169.377431507806,170.9160257612296,178.2092,177.71172796309094,146.99650591642325,178.2092,178.2092,332.0
0.44,0.39,0.05,0.27,0.18,165.8506,143.37407998825813,139.21194262702986,165.8506,159.82409531160678,160.12986034381854,165.8506,168.33621747750172,143.37407998825813,165.8506,165.8506,319.0
0.45,0.32,0.05,0.27,0.18,180.3047,149.916336718107,148.60180863070582,180.3047,172.5858644409731,171.69493982000762,180.3047,178.97291859920583,149.916336718107,180.3047,180.3047,333.0
0.45,0.33,0.04,0.27,0.18,176.37680000000006,145.8056567510031,142.94373570169486,176.37680000000006,167.69202145415366,170.1348013557804,176.37680000000006,176.25343603122937,145.8056567510031,176.37680000000006,176.3768,327.0
0.45,0.39,0.05,0.27,0.18,175.0568,151.61745812002565,147.38447918302117,175.0568,168.7070152578886,170.02263117672217,175.0568,177.93450199292388,151.61745812002565,175.0568,175.0568,335.0
0.46,0.32,0.05,0.27,0.18,198.2721,165.14965045654213,163.7518097650406,198.2721,189.81411582486817,189.45876654358747,198.2721,197.0179290245576,165.14965045654213,198.2721,198.2721,364.0
0.46,0.33,0.04,0.27,0.18,168.13290000000003,139.18389972854018,136.50570404260026,168.13290000000003,159.88708071509205,162.65822881637,168.13290000000003,168.16546007570514,139.18389972854018,168.13290000000003,168.13290000000003,310.0
0.46,0.39,0.05,0.27,0.18,188.084,163.15003681463222,158.66284008926138,188.084,181.30642988938413,183.4766099737849,188.084,191.49474161073152,163.15003681463222,188.084,188.084,358.0
0.47,0.32,0.05,0.27,0.18,185.6613,154.97414523533962,153.84023760014745,185.6613,177.84822511290167,178.40943985367412,185.6613,184.88153553673448,154.97414523533962,185.6613,185.6613,339.0
0.47,0.33,0.04,0.27,0.18,194.91060000000004,161.62679042047898,158.63143542769075,194.91060000000004,185.4339962045964,189.4894361812178,194.91060000000004,195.3198219083401,161.62679042047898,194.91060000000004,194.91060000000004,357.0
0.47,0.39,0.05,0.27,0.18,187.55480000000003,162.93947410090874,158.52776914111485,187.55480000000003,180.8276369346584,183.78572440482017,187.55480000000003,191.26797088542287,162.93947410090874,187.55480000000003,187.55480000000003,355.0
0.48,0.32,0.05,0.27,0.18,190.5377,159.29541582551164,158.24849843892352,190.5377,182.6209262327052,183.8147008420739,190.5377,190.03322479456824,159.29541582551164,190.5377,190.5377,346.0
0.48,0.33,0.04,0.27,0.18,184.1129,152.90460401866488,150.17237826343543,184.1129,175.2245061930232,179.7506304983959,184.1129,184.82705535262545,152.90460401866488,184.1129,184.1129,336.0
0.48,0.39,0.05,0.27,0.18,197.1711,171.61469791773953,167.0711571692338,197.1711,190.15975339382305,193.7770022828758,197.1711,201.2163226856109,171.61469791773953,197.1711,197.1711,371.0
0.49,0.32,0.05,0.27,0.18,178.80849999999998,149.8335842914486,148.95065628971898,178.80849999999998,171.43882451887038,173.28148111618626,178.80849999999998,178.5982896883156,149.8335842914486,178.80849999999998,178.80849999999998,323.0
0.49,0.33,0.04,0.27,0.18,187.9297,156.3058717990768,153.552637950079,187.9297,178.87162852708045,184.29078386151028,187.9297,188.958211088412,156.3058717990768,187.9297,187.9297,341.0
0.49,0.39,0.05,0.27,0.18,172.6225,150.5152191043732,146.58030805514497,172.6225,166.50205711395392,170.23912574977066,172.6225,176.34250321852608,150.5152191043732,172.6225,172.6225,323.0
0.5,0.32,0.05,0.27,0.18,187.6111,157.5218417631594,156.68120624337726,187.6111,179.92993752709893,182.6377328038744,187.6111,187.70792113493,157.5218417631594,187.6111,187.6111,337.0
0.5,0.33,0.04,0.27,0.18,198.9033,165.7806834970927,163.0265790233679,198.9033,189.39853203199755,196.1682279532115,198.9033,200.4266634852221,165.7806834970927,198.9033,198.9033,359.0
0.5,0.39,0.05,0.27,0.18,198.76580000000004,173.5846670620876,169.11754450900636,198.76580000000004,191.6947722957705,197.00577625938945,198.76580000000004,203.3344528790743,173.5846670620876,198.76580000000004,198.76580000000004,370.0
0.51,0.32,0.05,0.27,0.18,182.4557,153.30498271012405,152.58722378752097,182.4557,175.02936200153525,178.1822833737365,182.4557,182.7377807445874,153.30498271012405,182.4557,182.4557,326.0
0.51,0.33,0.04,0.27,0.18,204.359,170.63103248521543,167.83246675126543,204.359,194.62543180416333,202.3744206201873,204.359,206.241953359246,170.63103248521543,204.359,204.359,367.0
0.51,0.39,0.05,0.27,0.18,173.4494,151.68240194777366,147.88403588417347,173.4494,167.35815189019178,172.34799164353487,173.4494,177.59111867068813,151.68240194777366,173.4494,173.4494,321.0
0.52,0.32,0.05,0.27,0.18,185.8148,156.51291943596104,155.87619940482102,185.8148,178.33585294795225,182.40155863888327,185.8148,186.47500501744904,156.51291943596104,185.8148,185.8148,330.0
0.52,0.33,0.04,0.27,0.18,186.56969999999995,156.02374959268425,153.6418549880295,186.56969999999995,177.79774001914382,185.73415842684813,186.56969999999995,188.677025917953,156.02374959268425,186.56969999999995,186.56969999999995,333.0
0.52,0.39,0.05,0.27,0.18,181.93699999999995,159.2618451063442,155.35244618582024,181.93699999999995,175.54536410900255,181.37200029661096,181.93699999999995,186.42540128510024,159.2618451063442,181.93699999999995,181.93699999999995,335.0
0.53,0.32,0.05,0.27,0.18,180.13899999999998,151.88708017792925,151.34005310475266,180.13899999999998,172.90171187331268,177.44002646845556,180.13899999999998,180.9910960884717,151.88708017792925,180.13899999999998,180.13899999999998,318.0
0.53,0.33,0.04,0.27,0.18,189.353,158.53291985036554,156.15619391363353,189.353,180.48730499486524,188.9476272940188,189.353,191.66452974427312,158.53291985036554,189.353,189.353,336.0
0.53,0.39,0.05,0.27,0.18,173.74330000000003,152.33902822915414,148.63687123400263,173.74330000000003,167.65507541282568,173.97930087036454,173.74330000000003,178.33887377034108,152.33902822915414,173.74330000000003,173.74330000000003,318.0
0.54,0.32,0.05,0.27,0.18,184.9263,156.26159861037104,155.78653311776458,184.9263,177.57228294343145,182.8700463467597,184.9263,186.077760919425,156.26159861037104,184.9263,184.9263,325.0
0.54,0.33,0.04,0.27,0.18,203.8969,171.108030341734,168.66961216045053,203.8969,194.40383239912072,204.70372667303053,203.8969,206.8919237981233,171.108030341734,203.8969,203.8969,360.0
0.54,0.39,0.05,0.27,0.18,201.1619,176.72917341794434,172.54020764825034,201.1619,194.20507952984588,202.34508439009505,201.1619,206.85895632600216,176.72917341794434,201.1619,201.1619,366.0
0.55,0.32,0.05,0.27,0.18,194.0986,164.25889381532184,163.82800406488877,194.0986,186.40994751106365,192.715513779845,194.0986,195.5770085521825,164.25889381532184,194.0986,194.0986,339.0
0.55,0.33,0.04,0.27,0.18,182.19200000000004,153.02134249794574,150.95779943572592,182.19200000000004,173.78970740747496,183.54192721389205,182.19200000000004,185.12532779122893,153.02134249794574,182.19200000000004,182.19200000000004,320.0
0.55,0.39,0.05,0.27,0.18,183.0508,161.01146108183843,157.30989377186597,183.0508,176.74423950418134,184.82794946283744,183.0508,188.4365009974648,161.01146108183843,183.0508,183.0508,331.0
0.56,0.32,0.05,0.27,0.18,212.7345,180.27047041903973,179.9546158695022,212.7345,204.4105376785161,212.03821587523245,212.7345,214.67119438656107,180.27047041903973,212.7345,212.7345,369.0
0.56,0.33,0.04,0.27,0.18,189.0857,159.09050075543914,156.99034828666606,189.0857,180.3862315511835,191.44617927712832,189.0857,192.50793693302265,159.09050075543914,189.0857,189.0857,330.0
0.56,0.39,0.05,0.27,0.18,166.3735,146.56074176907188,143.28940467696555,166.3735,160.699769008438,168.61730521680897,166.3735,171.48795741197603,146.56074176907188,166.3735,166.3735,299.0
0.57,0.32,0.05,0.27,0.18,191.3428,162.48513859730784,162.26538067668932,191.3428,183.91709739655064,191.4371735191776,191.3428,193.35594256474164,162.48513859730784,191.3428,191.3428,330.0
0.57,0.33,0.04,0.27,0.18,216.7255,182.64121081184933,180.3613714134575,216.7255,206.8382561992406,220.2798901715722,216.7255,220.9908115712664,182.64121081184933,216.7255,216.7255,376.0
0.57,0.39,0.05,0.27,0.18,192.9411,170.27387605235688,166.46345285897485,192.9411,186.29756967371927,196.19377671083933,192.9411,199.0020887865749,170.27387605235688,192.9411,192.9411,345.0
0.58,0.32,0.05,0.27,0.18,200.0137,170.04524104919992,169.98857006937905,200.0137,192.31030827469,201.05309307901248,200.0137,202.44860109561296,170.04524104919992,200.0137,200.0137,343.0
0.58,0.33,0.04,0.27,0.18,175.49349999999998,148.08808529724388,146.3477692752774,175.49349999999998,167.53050393995687,179.10952923879927,175.49349999999998,179.1742644590844,148.08808529724388,175.49349999999998,175.49349999999998,303.0
0.58,0.39,0.05,0.27,0.18,198.56530000000004,175.39266957496417,171.60754351178653,198.56530000000004,191.8314529453016,202.5329055609241,198.56530000000004,205.0656149119469,175.39266957496417,198.56530000000004,198.56530000000004,353.0
0.59,0.32,0.05,0.27,0.18,176.0102,149.90088295595166,149.94984890512384,176.0102,169.3019006292042,177.55292307650586,176.0102,178.40171589265148,149.90088295595166,176.0102,176.0102,300.0
0.59,0.33,0.04,0.27,0.18,188.2283,159.1121021189163,157.28584364134235,188.2283,179.7383542219595,192.56387261235983,188.2283,192.36871502883983,159.1121021189163,188.2283,188.2283,323.0
0.59,0.39,0.05,0.27,0.18,181.176,160.32269053648648,156.9692015552943,181.176,175.07916553341107,185.6025137751613,181.176,187.37401855956853,160.32269053648648,181.176,181.176,320.0
0.6,0.32,0.05,0.27,0.18,201.3136,171.70764322319528,171.86414182841233,201.3136,193.72900315317293,203.91571443318225,201.3136,204.39126763258585,171.70764322319528,201.3136,201.3136,341.0
0.6,0.33,0.04,0.27,0.18,205.4145,173.81129603911828,172.01516713370296,205.4145,196.2599488963521,211.2721463787789,205.4145,210.38042575761503,173.81129603911828,205.4145,205.4145,350.0
0.6,0.39,0.05,0.27,0.18,196.4318,174.02094351701302,170.3971118187419,196.4318,189.8088634777747,201.8643945549002,196.4318,203.375100576568,174.02094351701302,196.4318,196.4318,345.0
0.61,0.32,0.05,0.27,0.18,210.0933,179.41728896269257,179.70090859886176,210.0933,202.2440067225883,213.5628830460248,210.0933,213.5827818803889,179.41728896269257,210.0933,210.0933,354.0
0.61,0.33,0.04,0.27,0.18,199.3277,168.84015086741735,167.12556436898586,199.3277,190.4479330134113,205.58105245823737,199.3277,204.35509272159933,168.84015086741735,199.3277,199.3277,338.0
0.61,0.39,0.05,0.27,0.18,201.0441,178.40528713214005,174.77297519052038,201.0441,194.2705044984345,207.6155311366917,201.0441,208.5058643466756,178.40528713214005,201.0441,201.0441,351.0
0.62,0.32,0.05,0.27,0.18,196.50699999999995,168.1069847654702,168.40183292667487,196.50699999999995,189.16930441777987,200.41601177972493,196.50699999999995,199.9874406229252,168.1069847654702,196.50699999999995,196.50699999999995,329.0
0.62,0.33,0.04,0.27,0.18,210.66460000000004,178.80620922357792,177.0818255969658,210.66460000000004,201.3509244235364,218.3272007891408,210.66460000000004,216.4247093107595,178.80620922357792,210.66460000000004,210.66460000000004,355.0
0.62,0.39,0.05,0.27,0.18,200.04850000000005,177.69554859038706,174.16141507493987,200.04850000000005,193.35316168057,206.81238026728263,200.04850000000005,207.4565125861234,177.69554859038706,200.04850000000005,200.04850000000005,347.0
0.63,0.32,0.05,0.27,0.18,194.3434,166.45813859407636,166.8872165632673,194.3434,187.19641437228583,198.75206345463968,194.3434,197.99229923247583,166.45813859407636,194.3434,194.3434,323.0
0.63,0.33,0.04,0.27,0.18,216.13000000000005,183.7265626782725,181.99569609345605,216.13000000000005,206.59594068778367,224.87938707345165,216.13000000000005,222.3757227633743,183.7265626782725,216.13000000000005,216.13000000000005,362.0
0.63,0.39,0.05,0.27,0.18,210.1051,186.9437760007037,183.35256003917752,210.1051,203.1590480464097,218.0837061757907,210.1051,218.2397225054488,186.9437760007037,210.1051,210.1051,362.0
0.64,0.32,0.05,0.27,0.18,205.0817,175.95077128457402,176.50737538769104,205.0817,197.6021723728995,210.6417778327516,205.0817,209.2916512646497,175.95077128457402,205.0817,205.0817,339.0
0.64,0.33,0.04,0.27,0.18,188.05430000000007,160.04848986687347,158.6958844884839,188.05430000000007,179.83671360982498,196.3202825962188,188.05430000000007,193.72352684619733,160.04848986687347,188.05430000000007,188.05430000000007,313.0
0.64,0.39,0.05,0.27,0.18,172.7407,153.88052236176046,151.0282030385903,172.7407,167.06483780428084,179.88749854437637,172.7407,179.60231809555162,153.88052236176046,172.7407,172.7407,296.0
0.65,0.32,0.05,0.27,0.18,221.1914,190.02111781521472,190.7377260925932,221.1914,213.17653754982013,227.91089215507589,221.1914,225.97261781380027,190.02111781521472,221.1914,221.1914,363.0
0.65,0.33,0.04,0.27,0.18,220.7372,188.03208520453327,186.54570822358093,220.7372,211.15339072670247,231.33616737058364,220.7372,227.7549533423729,188.03208520453327,220.7372,220.7372,365.0
0.65,0.39,0.05,0.27,0.18,215.0477,191.7449990370896,188.1429475205551,215.0477,207.9261922324436,224.61706812569648,215.0477,223.8186270495998,191.7449990370896,215.0477,215.0477,366.0
0.66,0.32,0.05,0.27,0.18,208.5307,179.38843630184903,180.11408634533333,208.5307,201.01539121413504,215.56205847347923,208.5307,213.3245604312013,179.38843630184903,208.5307,208.5307,340.0
0.66,0.33,0.04,0.27,0.18,206.113,175.9572621580289,174.62120976413314,206.113,197.19532981424905,216.9143538156785,206.113,213.0277661331972,175.9572621580289,206.113,206.113,339.0
0.66,0.39,0.05,0.27,0.18,189.1245,168.96016626923188,165.94342541549491,189.1245,182.9329790780669,198.5253401963642,189.1245,197.201891996855,168.96016626923188,189.1245,189.1245,320.0
0.67,0.32,0.05,0.27,0.18,207.5782,178.840805450058,179.7230777988308,207.5782,200.17543774025165,215.49531322838644,207.5782,212.686615700583,178.840805450058,207.5782,207.5782,336.0
0.67,0.33,0.04,0.27,0.18,214.3298,183.09969095597464,181.7959836878205,214.3298,205.11573498205888,226.1063629833251,214.3298,221.7051362541605,183.09969095597464,214.3298,214.3298,350.0
0.67,0.39,0.05,0.27,0.18,221.56189999999995,198.05337741379884,194.60682488835928,221.56189999999995,214.3447076352905,233.0270591744448,221.56189999999995,231.13591660166065,198.05337741379884,221.56189999999995,221.56189999999995,372.0
0.68,0.32,0.05,0.27,0.18,202.5837,174.7860224335188,175.6800928367736,202.5837,195.39750060896367,210.92677048426728,202.5837,207.8067729562308,174.7860224335188,202.5837,202.5837,326.0
0.68,0.33,0.04,0.27,0.18,192.81439999999995,164.94946896471967,163.85745523453576,192.81439999999995,184.5719223233501,204.07110848878364,192.81439999999995,199.7087571270268,164.94946896471967,192.81439999999995,192.81439999999995,313.0
0.68,0.39,0.05,0.27,0.18,193.493,173.22709707675787,170.24209037717972,193.493,187.1906217057689,204.16337980322857,193.493,202.07591471683563,173.22709707675787,193.493,193.493,323.0
0.69,0.32,0.05,0.27,0.18,209.0149,180.5941008316709,181.6057805033272,209.0149,201.65018818371385,218.35137422652244,209.0149,214.65402327313825,180.5941008316709,209.0149,209.0149,334.0
0.69,0.33,0.04,0.27,0.18,191.727,164.21878190633632,163.2522317144865,191.727,183.6080441338716,203.6353418069905,191.727,198.8498217769276,164.21878190633632,191.727,191.727,309.0
0.69,0.39,0.05,0.27,0.18,220.8287,197.9555174776985,194.65323688974232,220.8287,213.7405563174917,233.6441008043048,220.8287,230.8920083590892,197.9555174776985,220.8287,220.8287,366.0
0.7,0.32,0.05,0.27,0.18,229.23620000000005,198.2858253207716,199.56121346875787,229.23620000000005,221.2526291723812,240.0652222689177,229.23620000000005,235.611595423992,198.2858253207716,229.23620000000005,229.23620000000005,364.0
0.7,0.33,0.04,0.27,0.18,215.8284,185.12065444914305,184.0801102326842,215.8284,206.7229046150782,229.6822781983369,215.8284,223.9843041001683,185.12065444914305,215.8284,215.8284,346.0
0.7,0.39,0.05,0.27,0.18,202.6971,181.82470813283624,178.85306906868547,202.6971,196.16358033687223,215.17620836506728,202.6971,212.1474872447816,181.82470813283624,202.6971,202.6971,334.0
0.71,0.32,0.05,0.27,0.18,198.4496,171.95661192760647,173.12772413384687,198.4496,191.6192183740876,208.5220701926485,198.4496,204.27135814307235,171.95661192760647,198.4496,198.4496,313.0
0.71,0.33,0.04,0.27,0.18,211.74939999999995,181.8934410922523,180.95796418509832,211.74939999999995,202.8609831323381,226.31404237399929,211.74939999999995,220.17323286457133,181.8934410922523,211.74939999999995,211.74939999999995,337.0
0.71,0.39,0.05,0.27,0.18,213.2513,191.5732714881505,188.54219520222907,213.2513,206.4386905595904,227.00182474790608,213.2513,223.39691920844223,191.5732714881505,213.2513,213.2513,349.0
0.72,0.32,0.05,0.27,0.18,186.5443,161.78347368354062,162.95625001210044,186.5443,180.1517701394614,196.5024292231257,186.5443,192.17967971928343,161.78347368354062,186.5443,186.5443,292.0
0.72,0.33,0.04,0.27,0.18,225.2168,193.68082248183,192.7807262846717,225.2168,215.82948384011144,241.42436142939587,225.2168,234.44543399554675,193.68082248183,225.2168,225.2168,356.0
0.72,0.39,0.05,0.27,0.18,204.23750000000004,183.7032935711076,180.8107630688401,204.23750000000004,197.7006495390963,217.9993666662853,204.23750000000004,214.1508345005297,183.7032935711076,204.23750000000004,204.23750000000004,332.0
0.73,0.32,0.05,0.27,0.18,218.6382,189.90422185493208,191.423957874662,218.6382,211.22162919179547,231.2167803622722,218.6382,225.5683301507617,189.90422185493208,218.6382,218.6382,340.0
0.73,0.33,0.04,0.27,0.18,227.9182,196.31105436394373,195.52244542419413,227.9182,218.4876075745883,245.113961006384,227.9182,237.54529205164923,196.31105436394373,227.9182,227.9182,358.0
0.73,0.39,0.05,0.27,0.18,211.2398,190.22553692436887,187.4135973897376,211.2398,204.58339043394847,226.134932730734,211.2398,221.71948163828588,190.22553692436887,211.2398,211.2398,341.0
0.74,0.32,0.05,0.27,0.18,222.20050000000003,193.17428088645133,194.7421278733414,222.20050000000003,214.6844083384682,235.51803740226808,222.20050000000003,229.4534406792548,193.17428088645133,222.20050000000003,222.20050000000003,343.0
0.74,0.33,0.04,0.27,0.18,211.3778,182.3338267684213,181.6101077833172,211.3778,202.6423618754674,228.0953890030935,211.3778,220.6180474135149,182.3338267684213,211.3778,211.3778,330.0
0.74,0.39,0.05,0.27,0.18,208.2772,187.806360531848,184.99893790371453,208.2772,201.6665401421552,223.7767664886637,208.2772,218.9252464075363,187.806360531848,208.2772,208.2772,334.0
0.75,0.32,0.05,0.27,0.18,222.6338,193.78045433904143,195.3940352449713,222.6338,215.1391600126828,236.53127121704503,222.6338,230.0853405086079,193.78045433904143,222.6338,222.6338,341.0
0.75,0.33,0.04,0.27,0.18,204.5587,176.50139319278827,175.81734572330086,204.5587,196.105335009746,221.2095700671496,204.5587,213.678577462732,176.50139319278827,204.5587,204.5587,317.0
0.75,0.39,0.05,0.27,0.18,193.2998,174.50604012439317,171.94618542680186,193.2998,187.238956702906,207.98027729569,193.2998,203.2969829392543,174.50604012439317,193.2998,193.2998,308.0
0.76,0.32,0.05,0.27,0.18,193.2044,168.40115885260167,169.928120631423,193.2044,186.75879513852504,206.12689746594137,193.2044,200.02568433149776,168.40115885260167,193.2044,193.2044,294.0
0.76,0.33,0.04,0.27,0.18,215.2481,186.0257262746697,185.3962735508384,215.2481,206.41621324736133,233.2872423835072,215.2481,225.0104974174907,186.0257262746697,215.2481,215.2481,331.0
0.76,0.39,0.05,0.27,0.18,208.70300000000003,188.52410630275804,185.88802129271485,208.70300000000003,202.1670707095358,225.1589289628767,208.70300000000003,219.62697146677223,188.52410630275804,208.70300000000003,208.70300000000003,330.0
0.77,0.32,0.05,0.27,0.18,221.22910000000005,193.0387704039329,194.8927016627151,221.22910000000005,213.9253357267597,236.47849813973315,221.22910000000005,229.16655209650096,193.0387704039329,221.22910000000005,221.22910000000005,334.0
0.77,0.33,0.04,0.27,0.18,210.6873,182.2493691384616,181.69905534007805,210.6873,202.0697357449765,229.0955720084139,210.6873,220.5403126792104,182.2493691384616,210.6873,210.6873,322.0
0.77,0.39,0.05,0.27,0.18,202.4377,183.05884690867163,180.48738579510533,202.4377,196.10725360116672,218.8955800354472,202.4377,213.2458466838169,183.05884690867163,202.4377,202.4377,318.0
0.78,0.32,0.05,0.27,0.18,218.1195,190.59766222020625,192.455533851637,218.1195,210.9265150903937,233.8018844259645,218.1195,226.2020514278952,190.59766222020625,218.1195,218.1195,327.0
0.78,0.33,0.04,0.27,0.18,220.8379,191.28247760389857,190.7448654601081,220.8379,211.84860690591967,240.52984341610104,220.8379,231.2975108650729,191.28247760389857,220.8379,220.8379,335.0
0.78,0.39,0.05,0.27,0.18,210.9998,191.00771568759288,188.4859446626997,210.9998,204.4775626376132,228.8275549217649,210.9998,222.4749653155741,191.00771568759288,210.9998,210.9998,329.0
0.79,0.32,0.05,0.27,0.18,231.9719,202.8942489787325,204.96012209596648,231.9719,224.4019764259532,249.1721232917676,231.9719,240.7512477813573,202.8942489787325,231.9719,231.9719,345.0
0.79,0.33,0.04,0.27,0.18,226.3703,196.3321346771924,195.83218625202585,226.3703,217.21071652550933,247.09052057918288,226.3703,237.2902241484064,196.3321346771924,226.3703,226.3703,341.0
0.79,0.39,0.05,0.27,0.18,213.8856,193.75858269749563,191.2697235664836,213.8856,207.29012174603128,232.42610883361928,213.8856,225.6445732445445,193.75858269749563,213.8856,213.8856,331.0
0.8,0.32,0.05,0.27,0.18,216.7322,189.83723551767216,191.81767634361984,216.7322,209.6855530956497,233.3683735377899,216.7322,225.13372807218184,189.83723551767216,216.7322,216.7322,320.0
0.8,0.33,0.04,0.27,0.18,228.0154,197.89850746687367,197.4645221467925,228.0154,218.81159387934343,249.6614184941521,228.0154,239.29641377793337,197.89850746687367,228.0154,228.0154,341.0
0.8,0.39,0.05,0.27,0.18,216.068,195.9186651559712,193.43704426479889,216.068,209.4406218200756,235.45826932984664,216.068,228.2253595338475,195.9186651559712,216.068,216.068,332.0
0.81,0.32,0.05,0.27,0.18,232.14490000000004,203.47819009465613,205.73861499938224,232.14490000000004,224.6797503224649,250.5011759730505,232.14490000000004,241.30916791835912,203.47819009465613,232.14490000000004,232.14490000000004,340.0
0.81,0.33,0.04,0.27,0.18,211.02410000000003,183.32043002616493,183.0325950565177,211.02410000000003,202.5641372464204,231.4273824642823,211.02410000000003,221.54835064402496,183.32043002616493,211.02410000000003,211.02410000000003,313.0
0.81,0.39,0.05,0.27,0.18,222.9195,202.40508550900967,199.9094023612471,222.9195,216.0969257788924,243.40605555674227,222.9195,235.6018010199299,202.40508550900967,222.9195,222.9195,340.0
0.82,0.32,0.05,0.27,0.18,235.213,206.4282486059304,208.69878479508736,235.213,227.6370895995956,254.40329972446216,235.213,244.7432117361284,206.4282486059304,235.213,235.213,342.0
0.82,0.33,0.04,0.27,0.18,233.5928,203.0998112056867,202.74493011642053,233.5928,224.21815588001763,256.5769059863242,233.5928,245.38200713505947,203.0998112056867,233.5928,233.5928,344.0
0.82,0.39,0.05,0.27,0.18,211.411,192.0938871166184,189.75549076705585,211.411,204.9451403760978,231.12980755555944,211.411,223.48676224286623,192.0938871166184,211.411,211.411,320.0
0.83,0.32,0.05,0.27,0.18,227.65990000000008,199.96760428815944,202.2861448096569,227.65990000000008,220.4135937718301,246.6357426035442,227.65990000000008,236.96543159376043,199.96760428815944,227.65990000000008,227.65990000000008,328.0
0.83,0.33,0.04,0.27,0.18,212.8906,185.32091033239573,185.02024172324,212.8906,204.34885551650885,234.2243743149836,212.8906,223.7581507672872,185.32091033239573,212.8906,212.8906,311.0
0.83,0.39,0.05,0.27,0.18,222.38449999999995,202.3308293823692,199.89760315940435,222.38449999999995,215.62580680468,243.5609707218034,222.38449999999995,235.2607465710224,202.3308293823692,222.38449999999995,222.38449999999995,334.0
0.84,0.32,0.05,0.27,0.18,235.64760000000004,207.13033327810965,209.4789521110456,235.64760000000004,228.12048310366268,255.575219080441,235.64760000000004,245.378342690253,207.13033327810965,235.64760000000004,235.64760000000004,337.0
0.84,0.33,0.04,0.27,0.18,235.0489,204.7167957723816,204.31799301859897,235.0489,225.5805211219244,259.0013163907382,235.0489,247.1995275144921,204.7167957723816,235.0489,235.0489,341.0
0.84,0.39,0.05,0.27,0.18,228.0624,207.5141693495446,205.0384171621552,228.0624,221.0970598217893,250.2392083034026,228.0624,241.3829087763756,207.5141693495446,228.0624,228.0624,340.0
0.85,0.32,0.05,0.27,0.18,248.2329,218.47234447867075,221.03725469971872,248.2329,240.3476822678061,269.70296653964533,248.2329,258.6178089394485,218.47234447867075,248.2329,248.2329,352.0
0.85,0.33,0.04,0.27,0.18,240.5073,209.6934345323041,209.3527075979448,240.5073,230.8933701712731,265.2433211414658,240.5073,252.96524253074045,209.6934345323041,240.5073,240.5073,346.0
0.85,0.39,0.05,0.27,0.18,202.8609,184.7724139521388,182.625817681988,202.8609,196.6927819508361,222.99362349049417,202.8609,214.84110405230297,184.7724139521388,202.8609,202.8609,300.0
0.86,0.32,0.05,0.27,0.18,229.01810000000003,201.76235332789693,204.1203487373628,229.01810000000003,221.743334380612,249.1855473885783,229.01810000000003,238.69992905979177,201.76235332789693,229.01810000000003,229.01810000000003,322.0
0.86,0.33,0.04,0.27,0.18,244.5201,213.3424220751164,213.04771161932848,244.5201,234.75315795999097,270.0173743765004,244.5201,257.24092743832955,213.3424220751164,244.5201,244.5201,349.0
0.86,0.39,0.05,0.27,0.18,228.24330000000003,208.0267703490641,205.60899464443705,228.24330000000003,221.30373490013625,251.24525782300347,228.24330000000003,241.83412613275985,208.0267703490641,228.24330000000003,228.24330000000003,335.0
0.87,0.32,0.05,0.27,0.18,228.8535,201.7727089883417,204.18888675333085,228.8535,221.62604344376257,249.26050134287885,228.8535,238.57039498659364,201.7727089883417,228.8535,228.8535,319.0
0.87,0.33,0.04,0.27,0.18,252.88740000000004,220.93799869796504,220.56805510661584,252.88740000000004,242.7878078619241,279.4780846541333,252.88740000000004,266.1147902507255,220.93799869796504,252.88740000000004,252.88740000000004,358.0
0.87,0.39,0.05,0.27,0.18,250.1442,228.098541248146,225.56485448474376,250.1442,242.5862238438868,275.6001256958754,250.1442,265.0350584313419,228.098541248146,250.1442,250.1442,364.0
0.88,0.32,0.05,0.27,0.18,253.2239,223.41016744085647,226.0718942923528,253.2239,245.2351061908853,276.11937582012627,253.2239,264.06033160185746,223.41016744085647,253.2239,253.2239,350.0
0.88,0.33,0.04,0.27,0.18,239.5057,209.3317516989141,209.0091353322557,239.5057,229.94922940694468,264.6166203702006,239.5057,251.8755943855615,209.3317516989141,239.5057,239.5057,336.0
0.88,0.39,0.05,0.27,0.18,246.4037,224.8455305184614,222.2595017716646,246.4037,238.89904690589137,271.6806831858023,246.4037,261.1178079649129,224.8455305184614,246.4037,246.4037,356.0
0.89,0.32,0.05,0.27,0.18,236.5469,208.8985964692289,211.42727373173625,236.5469,229.1159881750364,258.1077511307405,236.5469,246.66733507948527,208.8985964692289,236.5469,236.5469,324.0
0.89,0.33,0.04,0.27,0.18,237.0112,207.34775503737444,206.9632331510232,237.0112,227.51223440381744,262.04917912395035,237.0112,249.2858814507813,207.34775503737444,237.0112,237.0112,330.0
0.89,0.39,0.05,0.27,0.18,212.9315,194.51924259386192,192.3079988081114,212.9315,206.46784168566413,234.9102940779228,212.9315,225.6597915860933,194.51924259386192,212.9315,212.9315,305.0
0.9,0.32,0.05,0.27,0.18,265.13450000000006,234.3362474207631,237.0745192603904,265.13450000000006,256.75071926530507,289.5068087121159,265.13450000000006,276.5108784857906,234.3362474207631,265.13450000000006,265.13450000000006,360.0
0.9,0.33,0.04,0.27,0.18,256.4078,224.46939651340327,223.94086586973663,256.4078,246.06332786905764,283.47504114276154,256.4078,269.60481691469744,224.46939651340327,256.4078,256.4078,354.0
0.9,0.39,0.05,0.27,0.18,223.1628,203.86029604273264,201.50209403676075,223.1628,216.34945640940083,246.3299275807978,223.1628,236.490449760727,203.86029604273264,223.1628,223.1628,317.0
0.91,0.32,0.05,0.27,0.18,247.5428,219.05962960779848,221.5571923222448,247.5428,239.7155459510981,270.30325995889604,247.5428,258.1065323555029,219.05962960779848,247.5428,247.5428,333.0
0.91,0.33,0.04,0.27,0.18,244.2595,214.03879000894307,213.5905506468435,244.2595,234.46584800879933,269.7868585321719,244.2595,256.59483008438184,214.03879000894307,244.2595,244.2595,334.0
0.91,0.39,0.05,0.27,0.18,236.8686,216.4780477907098,213.8850292735648,236.8686,229.56111471402733,261.54751515175855,236.8686,250.9955279106655,216.4780477907098,236.8686,236.8686,334.0
0.92,0.32,0.05,0.27,0.18,235.654,208.61861691924423,210.98176335137904,235.654,228.1717383836647,257.2447810699541,235.654,245.57436366538863,208.61861691924423,235.654,235.654,314.0
0.92,0.33,0.04,0.27,0.18,263.52059999999994,231.0268421050572,230.41072184811244,263.52059999999994,252.8885207098456,290.7561863706573,263.52059999999994,276.58630978989254,231.0268421050572,263.52059999999994,263.52059999999994,357.0
0.92,0.39,0.05,0.27,0.18,229.5784,209.9713287330909,207.40216406460823,229.5784,222.5046813998348,253.34850983905525,229.5784,243.1653205541911,209.9713287330909,229.5784,229.5784,321.0
0.93,0.32,0.05,0.27,0.18,241.0809,213.6223549748708,215.9588915116585,241.0809,233.4102141387798,262.95049021708195,241.0809,251.047652247508,213.6223549748708,241.0809,241.0809,318.0
0.93,0.33,0.04,0.27,0.18,272.58660000000003,239.18580843042804,238.3972900358596,272.58660000000003,261.4930997099907,300.4358740391333,272.58660000000003,285.86695328504794,239.18580843042804,272.58660000000003,272.58660000000003,366.0
0.93,0.39,0.05,0.27,0.18,230.6012000000001,211.0377532839452,208.40866015812645,230.6012000000001,223.4256930822655,254.4414713707076,230.6012000000001,244.1428320168068,211.0377532839452,230.6012000000001,230.6012000000001,320.0
0.94,0.32,0.05,0.27,0.18,238.16109999999995,211.0258881821202,213.275305845701,238.16109999999995,230.5275125390476,259.52625477199274,238.16109999999995,247.7871641436766,211.0258881821202,238.16109999999995,238.16109999999995,311.0
0.94,0.33,0.04,0.27,0.18,247.3263,217.0624189722853,216.21632099711863,247.3263,237.18813804743647,272.1053020009624,247.3263,259.04069146767773,217.0624189722853,247.3263,247.3263,329.0
0.94,0.39,0.05,0.27,0.18,243.4688,222.7737669029568,219.94863679513827,243.4688,235.84060589289567,268.285142541732,243.4688,257.49224878285213,222.7737669029568,243.4688,243.4688,335.0
0.95,0.32,0.05,0.27,0.18,269.17550000000006,238.75868445029187,241.12900913413927,269.17550000000006,260.4594336242222,292.83140034695833,269.17550000000006,279.7389971849479,238.75868445029187,269.17550000000006,269.17550000000006,348.0
0.95,0.33,0.04,0.27,0.18,239.81170000000003,210.61205862222843,209.57087532672784,239.81170000000003,229.8687661593933,263.2629960523078,239.81170000000003,250.8190151045144,210.61205862222843,239.81170000000003,239.81170000000003,316.0
0.95,0.39,0.05,0.27,0.18,254.1784,232.5603143857488,229.4414386645741,254.1784,246.08439450919275,279.80245166217827,254.1784,268.6060527383931,232.5603143857488,254.1784,254.1784,347.0
0.96,0.32,0.05,0.27,0.18,272.819,242.01919957792,244.1538444481298,272.819,263.8364913793912,296.1876437938401,272.819,283.14268542717866,242.01919957792,272.819,272.819,349.0
0.96,0.33,0.04,0.27,0.18,246.2199,216.3590196472532,215.13212344195736,246.2199,235.90418947345657,269.60061762559394,246.2199,257.0679137664806,216.3590196472532,246.2199,246.2199,321.0
0.96,0.39,0.05,0.27,0.18,247.7987,226.79725242987672,223.63119342226224,247.7987,239.8660696910936,272.3476878540989,247.7987,261.620334928513,226.79725242987672,247.7987,247.7987,336.0
0.97,0.32,0.05,0.27,0.18,273.6977,242.9662216863119,244.8793226297213,273.6977,264.56101065719463,296.2981402024308,273.6977,283.537808231428,242.9662216863119,273.6977,273.6977,346.0
0.97,0.33,0.04,0.27,0.18,276.1336,242.81343285129768,241.21349520964168,276.13360000000006,264.44809171330434,301.39176907428015,276.1336,287.7081850530008,242.81343285129768,276.1336,276.1336,356.0
0.97,0.39,0.05,0.27,0.18,240.7419,220.33720535413792,217.1509488858969,240.7419,232.94973307099752,264.04274450529,240.7419,253.8197676985393,220.33720535413792,240.7419,240.7419,324.0
0.98,0.32,0.05,0.27,0.18,262.1238,232.7381279143068,234.4407681301683,262.1238,253.3310229676628,282.7178140774939,262.1238,270.8949351737149,232.7381279143068,262.1238,262.1238,327.0
0.98,0.33,0.04,0.27,0.18,234.1381,205.86334425529287,204.39053810209,234.1381,224.17390976829617,254.5711908962232,234.1381,243.32791578915104,205.86334425529287,234.1381,234.1381,298.0
0.98,0.39,0.05,0.27,0.18,249.6831,228.53345796802245,225.0924247329926,249.6831,241.52722121357888,273.28964195059484,249.6831,262.9299725563885,228.53345796802245,249.6831,249.6831,334.0
0.99,0.32,0.05,0.27,0.18,279.3862,248.30958074458937,249.69474509864293,279.3862,269.7695741335146,300.3110018068746,279.3862,288.1489634761802,248.30958074458937,279.3862,279.3862,344.0
0.99,0.33,0.04,0.27,0.18,255.8354,225.16518645941943,223.217209445258,255.8354,244.74601760901533,277.2996882101376,255.8354,265.3666889821165,225.16518645941943,255.8354,255.8354,322.0
0.99,0.39,0.05,0.27,0.18,254.9629,233.35723434160693,229.752406729196,254.9629,246.590480951272,278.7763677147053,254.9629,268.3256824933169,233.35723434160693,254.9629,254.9629,340.0
